ID,–ö–∞—Ç–µ–≥–æ—Ä–∏—è ,–í–∏–¥ —Ç–æ–≤–∞—Ä–∞,–¢–∏–ø —Ç–æ–≤–∞—Ä–∞,–í–∏–¥ –æ–±—ä—è–≤–ª–µ–Ω–∏—è,–°–æ—Å—Ç–æ—è–Ω–∏–µ —Ç–æ–≤–∞—Ä–∞,–ó–∞–≥–æ–ª–æ–≤–æ–∫ –æ–±—ä—è–≤–ª–µ–Ω–∏—è,–û–ø–∏—Å–∞–Ω–∏–µ,–¶–µ–Ω–∞,–ù–∞–∑–≤–∞–Ω–∏–µ –ø–∞–ø–∫–∏ —Å —Ñ–æ—Ç–æ–≥—Ä–∞—Ñ–∏—è–º–∏,"–°—Å—ã–ª–∫–∏ –Ω–∞ —Ñ–æ—Ç–æ–≥—Ä–∞—Ñ–∏–∏ (–∑–∞–ø–æ–ª–Ω—è–µ—Ç—Å—è –ø—Ä–æ–≥—Ä–∞–º–º–æ–π –∞–≤—Ç–æ–º–∞—Ç–∏—á–µ—Å–∫–∏, –µ—Å–ª–∏ –∑–∞–ø–æ–ª–Ω–µ–Ω–æ –Ω–∞–∑–≤–∞–Ω–∏–µ –ø–∞–ø–∫–∏)",–°—Å—ã–ª–∫–∞ –Ω–∞ –≤–∏–¥–µ–æ,–†–µ–≥–∏–æ–Ω –†–§,"–†–∞–π–æ–Ω/–ê–¥–º–∏–Ω–∏—Å—Ç—Ä–∞—Ç–∏–≤–Ω—ã–π –æ–∫—Ä—É–≥
",–ù–∞—Å–µ–ª–µ–Ω–Ω—ã–π –ø—É–Ω–∫—Ç,–†–∞–π–æ–Ω –Ω–∞—Å–µ–ª–µ–Ω–Ω–æ–≥–æ –ø—É–Ω–∫—Ç–∞,–£–ª–∏—Ü–∞,–ù–æ–º–µ—Ä –¥–æ–º–∞,–¢–µ–ª–µ—Ñ–æ–Ω,–ú–µ–Ω–µ–¥–∂–µ—Ä,–î–∞—Ç–∞ –∏ –≤—Ä–µ–º—è –Ω–∞—á–∞–ª–∞ —Ä–∞–∑–º–µ—â–µ–Ω–∏—è –æ–±—ä—è–≤–ª–µ–Ω–∏—è (—á–∞—Å–æ–≤–æ–π –ø–æ—è—Å MSK),–î–∞—Ç–∞ –æ–∫–æ–Ω—á–∞–Ω–∏—è —Ä–∞–∑–º–µ—â–µ–Ω–∏—è –æ–±—ä—è–≤–ª–µ–Ω–∏—è,"Avito ID (–¥–ª—è –æ–±—ä—è–≤–ª–µ–Ω–∏–π, —Ä–∞–∑–º–µ—â–µ–Ω–Ω—ã—Ö –≤—Ä—É—á–Ω—É—é)",–£–ø—Ä–∞–≤–ª–µ–Ω–∏–µ –ø–ª–∞—Ç–Ω—ã–º–∏ —É—Å–ª—É–≥–∞–º–∏,–í–∞—Ä–∏–∞–Ω—Ç –ø–ª–∞—Ç–Ω–æ–≥–æ —Ä–∞–∑–º–µ—â–µ–Ω–∏—è,"–°–ø–æ—Å–æ–± —Å–≤—è–∑–∏: —Ä–∞–∑—Ä–µ—à–∏—Ç—å —Å–æ–æ–±—â–µ–Ω–∏—è? 
(–µ—Å–ª–∏ –ø—É—Å—Ç–æ, —Ç–æ –î–∞)",
id,category,goodsType,goodsSubType,type,condition,title,description,price,images,imagesCnt,videoURL,addrRegion,addrArea,addrCity,addrPoint,addrStreet,addrHouse,contactPhone,managerName,dateBegin,dateEnd,,status,,allowEmail,address
T20210516-29,–†–µ–º–æ–Ω—Ç –∏ —Å—Ç—Ä–æ–∏—Ç–µ–ª—å—Å—Ç–≤–æ,–û–∫–Ω–∞ –∏ –±–∞–ª–∫–æ–Ω—ã,,–¢–æ–≤–∞—Ä –æ—Ç –ø—Ä–æ–∏–∑–≤–æ–¥–∏—Ç–µ–ª—è,–ù–æ–≤–æ–µ,–ü–ª–∞—Å—Ç–∏–∫–æ–≤—ã–µ –æ–∫–Ω–∞ –ø–≤—Ö —Å –¥–æ—Å—Ç–∞–≤–∫–æ–π,"–ü–ª–∞—Å—Ç–∏–∫–æ–≤—ã–µ –æ–∫–Ω–∞ –∏ –¥–≤–µ—Ä–∏ —Å –¥–æ—Å—Ç–∞–≤–∫–æ–π. **–ë–æ–ª–µ–µ 421 –≤–∏–¥–æ–≤ –ø–æ —Ä–∞–∑–º–µ—Ä—É**: –î–≤—É—Ö—Å—Ç–≤–æ—Ä—á–∞—Ç—ã–µ –∏ —Ç—Ä–µ—Ö—Å—Ç–≤–æ—Ä—á–∞—Ç–æ–µ –û–∫–Ω–∞ –ü–í–•. –ë–∞–ª–∫–æ–Ω–Ω—ã–π –±–ª–æ–∫–∏. –ü–æ–¥–æ–∫–æ–Ω–Ω–∏–∫–∏, –æ—Ç–∫–æ—Å—ã, –æ—Ç–ª–∏–≤—ã, –¥–µ—Ç—Å–∫–∏–µ –∑–∞–º–∫–∏

‚Äî‚Äî‚Äî‚Äî

üîπ **–ó–≤–æ–Ω–∏—Ç–µ –∏ —è –±–µ—Å–ø–ª–∞—Ç–Ω–æ —Ä–∞—Å—Å—á–∏—Ç–∞—é –≤–∞–º —Å—Ç–æ–∏–º–æ—Å—Ç—å –∏ —É–∂–µ —Å–µ–≥–æ–¥–Ω—è –ø—Ä–∏–µ–¥–µ–º –Ω–∞ –∑–∞–º–µ—Ä.**

‚Äî‚Äî‚Äî‚Äî

‚úÖ –ú–∞—Ç–µ—Ä–∏–∞–ª –Ω–∞–ø—Ä—è–º—É—é –æ—Ç –∑–∞–≤–æ–¥–∞ - –Ω–∏–∑–∫–∏–µ —Ü–µ–Ω—ã, –±–µ–∑ –ø–æ—Å—Ä–µ–¥–Ω–∏–∫–æ–≤.

‚úÖ –ë–æ–ª—å—à–æ–π –≤—ã–±–æ—Ä ( –ø–æ —Ç–∏–ø–∞–º —Ü–≤–µ—Ç–∞, —Ç–æ–ª—â–∏–Ω—ã –∏ —Ü–µ–Ω–æ–≤–æ–π –∫–∞—Ç–µ–≥–æ—Ä–∏–∏ ).

‚úÖ –ì–µ—Ä–º–µ—Ç–∏—á–Ω—ã–µ - –Ω–µ –±—É–¥—É—Ç –ø—Ä–æ–¥—É–≤–∞—Ç—å—Å—è.

‚úÖ –ú–∞–∫—Å–∏–º–∞–ª—å–Ω–æ —Ç–∏—Ö–∏–µ.

‚úÖ –≠–∫–æ–ª–æ–≥–∏—á–µ—Å–∫–∏ —á–∏—Å—Ç—ã–µ.

‚úÖ–ú–∞–∫—Å–∏–º–∞–ª—å–Ω–æ –±–µ–∑–æ–ø–∞—Å–Ω—ã–µ.

‚úÖ –î–≤–æ–π–Ω–æ–π –∫–æ–Ω—Ç—Ä–æ–ª—å –∫–∞—á–µ—Å—Ç–≤–∞.

‚úÖ –ù–µ —Ç—Ä–µ—Å–∫–∞—é—Ç—Å—è.

‚úÖ –ë–µ–∑ –ø–µ—Ä–µ–ø–ª–∞—Ç.

‚Äî‚Äî‚Äî‚Äî

üîπ **–ó–í–û–ù–ò–¢–ï —Å–µ–π—á–∞—Å –∏ –ø–æ–±–µ—Ä—É –Ω–∞–∏–±–æ–ª–µ–µ –ø–æ–¥—Ö–æ–¥—è—â–∏–µ –¥–ª—è –≤–∞—Å –∏ –≤–∞—à–µ–≥–æ –¥–æ–º–∞ –æ–∫–Ω–∞!**

‚≠ê **–î–æ–±–∞–≤—å—Ç–µ —ç—Ç–æ –æ–±—ä—è–≤–ª–µ–Ω–∏–µ –≤ –∏–∑–±—Ä–∞–Ω–Ω–æ–µ, —á—Ç–æ–±—ã –Ω–µ –ø–æ—Ç–µ—Ä—è—Ç—å**

‚Äî‚Äî‚Äî‚Äî

–ö –ø—Ä–∏–º–µ—Ä—É –≤ –Ω–∞–ª–∏—á–∏–µ —Ç—Ä–µ—Ö—Å—Ç–≤–æ—Ä—á–∞—Ç–æ–µ –ü–í–• –æ–∫–Ω–æ

–†–∞–∑–º–µ—Ä: 1700—Ö1400

5-–∫–∞–º–µ—Ä–Ω—ã–π –ø—Ä–æ—Ñ–∏–ª—å

–î–≤—É—Ö–∫–∞–º–µ—Ä–Ω—ã–π —Å—Ç–µ–∫–ª–æ–ø–∞–∫–µ—Ç (—Ç–æ–ª—â–∏–Ω–æ–π 40 –º–º.)

–§—É—Ä–Ω–∏—Ç—É—Ä–∞ ROTO NT

–ü–æ–¥–æ–∫–æ–Ω–Ω–∏–∫ - 150 –º–º

–í–æ–¥–æ–æ—Ç–ª–∏–≤ - 150 –º–º

‚Äî‚Äî‚Äî‚Äî
–ê—Ä—Ç–∏–∫—É–ª KEO-R -4532 -VD2

üîπ **–ó–≤–æ–Ω–∏—Ç–µ –∏ –ø–æ–ª—É—á–∏—Ç–µ –∫–∞—á–µ—Å—Ç–≤–µ–Ω–Ω—ã–µ –Ω–æ–≤—ã–µ –æ–∫–Ω–∞.**",,"https://agryz.udm-okna.ru/wp-content/uploads/sites/35/2020/02/2.jpg,http://maanhonka.su/sites/default/files/interyer-derevyannogo-doma-2.jpg,https://izhevsk.ru/forums/icons/forum_pictures/asyncupload/443126/2017/9/28/1506569887U443126TkUR8491270693_orig.jpg",,,–†–µ—Å–ø—É–±–ª–∏–∫–∞ –ë–∞—à–∫–æ—Ä—Ç–æ—Å—Ç–∞–Ω,,–Æ–Ω–Ω—ã,,,,89279433394,,,,,Free,Package,–ù–µ—Ç,"–†–µ—Å–ø—É–±–ª–∏–∫–∞ –ë–∞—à–∫–æ—Ä—Ç–æ—Å—Ç–∞–Ω, , –Æ–Ω–Ω—ã, , , "
T20210516-30,–†–µ–º–æ–Ω—Ç –∏ —Å—Ç—Ä–æ–∏—Ç–µ–ª—å—Å—Ç–≤–æ,–û–∫–Ω–∞ –∏ –±–∞–ª–∫–æ–Ω—ã,,–¢–æ–≤–∞—Ä –æ—Ç –ø—Ä–æ–∏–∑–≤–æ–¥–∏—Ç–µ–ª—è,–ù–æ–≤–æ–µ,–ü–ª–∞—Å—Ç–∏–∫–æ–≤—ã–µ –æ–∫–Ω–∞ –ø–≤—Ö —Å –¥–æ—Å—Ç–∞–≤–∫–æ–π,"–ü–ª–∞—Å—Ç–∏–∫–æ–≤—ã–µ –æ–∫–Ω–∞ –∏ –¥–≤–µ—Ä–∏ —Å –¥–æ—Å—Ç–∞–≤–∫–æ–π. **–ë–æ–ª–µ–µ 421 –≤–∏–¥–æ–≤ –ø–æ —Ä–∞–∑–º–µ—Ä—É**: –î–≤—É—Ö—Å—Ç–≤–æ—Ä—á–∞—Ç—ã–µ –∏ —Ç—Ä–µ—Ö—Å—Ç–≤–æ—Ä—á–∞—Ç–æ–µ –û–∫–Ω–∞ –ü–í–•. –ë–∞–ª–∫–æ–Ω–Ω—ã–π –±–ª–æ–∫–∏. –ü–æ–¥–æ–∫–æ–Ω–Ω–∏–∫–∏, –æ—Ç–∫–æ—Å—ã, –æ—Ç–ª–∏–≤—ã, –¥–µ—Ç—Å–∫–∏–µ –∑–∞–º–∫–∏

‚Äî‚Äî‚Äî‚Äî

üîπ **–ó–≤–æ–Ω–∏—Ç–µ –∏ —è –±–µ—Å–ø–ª–∞—Ç–Ω–æ —Ä–∞—Å—Å—á–∏—Ç–∞—é –≤–∞–º —Å—Ç–æ–∏–º–æ—Å—Ç—å –∏ —É–∂–µ —Å–µ–≥–æ–¥–Ω—è –ø—Ä–∏–µ–¥–µ–º –Ω–∞ –∑–∞–º–µ—Ä.**

‚Äî‚Äî‚Äî‚Äî

‚úÖ –ú–∞—Ç–µ—Ä–∏–∞–ª –Ω–∞–ø—Ä—è–º—É—é –æ—Ç –∑–∞–≤–æ–¥–∞ - –Ω–∏–∑–∫–∏–µ —Ü–µ–Ω—ã, –±–µ–∑ –ø–æ—Å—Ä–µ–¥–Ω–∏–∫–æ–≤.

‚úÖ –ë–æ–ª—å—à–æ–π –≤—ã–±–æ—Ä ( –ø–æ —Ç–∏–ø–∞–º —Ü–≤–µ—Ç–∞, —Ç–æ–ª—â–∏–Ω—ã –∏ —Ü–µ–Ω–æ–≤–æ–π –∫–∞—Ç–µ–≥–æ—Ä–∏–∏ ).

‚úÖ –ì–µ—Ä–º–µ—Ç–∏—á–Ω—ã–µ - –Ω–µ –±—É–¥—É—Ç –ø—Ä–æ–¥—É–≤–∞—Ç—å—Å—è.

‚úÖ –ú–∞–∫—Å–∏–º–∞–ª—å–Ω–æ —Ç–∏—Ö–∏–µ.

‚úÖ –≠–∫–æ–ª–æ–≥–∏—á–µ—Å–∫–∏ —á–∏—Å—Ç—ã–µ.

‚úÖ–ú–∞–∫—Å–∏–º–∞–ª—å–Ω–æ –±–µ–∑–æ–ø–∞—Å–Ω—ã–µ.

‚úÖ –î–≤–æ–π–Ω–æ–π –∫–æ–Ω—Ç—Ä–æ–ª—å –∫–∞—á–µ—Å—Ç–≤–∞.

‚úÖ –ù–µ —Ç—Ä–µ—Å–∫–∞—é—Ç—Å—è.

‚úÖ –ë–µ–∑ –ø–µ—Ä–µ–ø–ª–∞—Ç.

‚Äî‚Äî‚Äî‚Äî

üîπ **–ó–í–û–ù–ò–¢–ï —Å–µ–π—á–∞—Å –∏ –ø–æ–±–µ—Ä—É –Ω–∞–∏–±–æ–ª–µ–µ –ø–æ–¥—Ö–æ–¥—è—â–∏–µ –¥–ª—è –≤–∞—Å –∏ –≤–∞—à–µ–≥–æ –¥–æ–º–∞ –æ–∫–Ω–∞!**

‚≠ê **–î–æ–±–∞–≤—å—Ç–µ —ç—Ç–æ –æ–±—ä—è–≤–ª–µ–Ω–∏–µ –≤ –∏–∑–±—Ä–∞–Ω–Ω–æ–µ, —á—Ç–æ–±—ã –Ω–µ –ø–æ—Ç–µ—Ä—è—Ç—å**

‚Äî‚Äî‚Äî‚Äî

–ö –ø—Ä–∏–º–µ—Ä—É –≤ –Ω–∞–ª–∏—á–∏–µ —Ç—Ä–µ—Ö—Å—Ç–≤–æ—Ä—á–∞—Ç–æ–µ –ü–í–• –æ–∫–Ω–æ

–†–∞–∑–º–µ—Ä: 1700—Ö1400

5-–∫–∞–º–µ—Ä–Ω—ã–π –ø—Ä–æ—Ñ–∏–ª—å

–î–≤—É—Ö–∫–∞–º–µ—Ä–Ω—ã–π —Å—Ç–µ–∫–ª–æ–ø–∞–∫–µ—Ç (—Ç–æ–ª—â–∏–Ω–æ–π 40 –º–º.)

–§—É—Ä–Ω–∏—Ç—É—Ä–∞ ROTO NT

–ü–æ–¥–æ–∫–æ–Ω–Ω–∏–∫ - 150 –º–º

–í–æ–¥–æ–æ—Ç–ª–∏–≤ - 150 –º–º

‚Äî‚Äî‚Äî‚Äî
–ê—Ä—Ç–∏–∫—É–ª OTHF -481 -K

üîπ **–ó–≤–æ–Ω–∏—Ç–µ –∏ –ø–æ–ª—É—á–∏—Ç–µ –∫–∞—á–µ—Å—Ç–≤–µ–Ω–Ω—ã–µ –Ω–æ–≤—ã–µ –æ–∫–Ω–∞.**",,"https://pencere.az/wp-content/uploads/2017/11/DSC_0329.jpg,https://z4h5g2w8.stackpathcdn.com/wp-content/uploads/2018/06/34469777_2133486136679827_6530056637477027840_n.jpg,https://orenburg.oknaromax.ru/upload/medialibrary/5d1/5d17cefcfa16c75ea58473903a381b07.jpg",,,–†–µ—Å–ø—É–±–ª–∏–∫–∞ –ë–∞—à–∫–æ—Ä—Ç–æ—Å—Ç–∞–Ω,,–ù–æ–≤–æ–∫—É–∫—Ç–æ–≤–æ,,,,89279433394,,,,,Free,Package,–ù–µ—Ç,"–†–µ—Å–ø—É–±–ª–∏–∫–∞ –ë–∞—à–∫–æ—Ä—Ç–æ—Å—Ç–∞–Ω, , –ù–æ–≤–æ–∫—É–∫—Ç–æ–≤–æ, , , "
T20210516-31,–†–µ–º–æ–Ω—Ç –∏ —Å—Ç—Ä–æ–∏—Ç–µ–ª—å—Å—Ç–≤–æ,–û–∫–Ω–∞ –∏ –±–∞–ª–∫–æ–Ω—ã,,–¢–æ–≤–∞—Ä –æ—Ç –ø—Ä–æ–∏–∑–≤–æ–¥–∏—Ç–µ–ª—è,–ù–æ–≤–æ–µ,–ü–ª–∞—Å—Ç–∏–∫–æ–≤—ã–µ –æ–∫–Ω–∞ –ø–≤—Ö —Å –¥–æ—Å—Ç–∞–≤–∫–æ–π,"–ü–ª–∞—Å—Ç–∏–∫–æ–≤—ã–µ –æ–∫–Ω–∞ –∏ –¥–≤–µ—Ä–∏ —Å –¥–æ—Å—Ç–∞–≤–∫–æ–π. **–ë–æ–ª–µ–µ 421 –≤–∏–¥–æ–≤ –ø–æ —Ä–∞–∑–º–µ—Ä—É**: –î–≤—É—Ö—Å—Ç–≤–æ—Ä—á–∞—Ç—ã–µ –∏ —Ç—Ä–µ—Ö—Å—Ç–≤–æ—Ä—á–∞—Ç–æ–µ –û–∫–Ω–∞ –ü–í–•. –ë–∞–ª–∫–æ–Ω–Ω—ã–π –±–ª–æ–∫–∏. –ü–æ–¥–æ–∫–æ–Ω–Ω–∏–∫–∏, –æ—Ç–∫–æ—Å—ã, –æ—Ç–ª–∏–≤—ã, –¥–µ—Ç—Å–∫–∏–µ –∑–∞–º–∫–∏

‚Äî‚Äî‚Äî‚Äî

üîπ **–ó–≤–æ–Ω–∏—Ç–µ –∏ —è –±–µ—Å–ø–ª–∞—Ç–Ω–æ —Ä–∞—Å—Å—á–∏—Ç–∞—é –≤–∞–º —Å—Ç–æ–∏–º–æ—Å—Ç—å –∏ —É–∂–µ —Å–µ–≥–æ–¥–Ω—è –ø—Ä–∏–µ–¥–µ–º –Ω–∞ –∑–∞–º–µ—Ä.**

‚Äî‚Äî‚Äî‚Äî

‚úÖ –ú–∞—Ç–µ—Ä–∏–∞–ª –Ω–∞–ø—Ä—è–º—É—é –æ—Ç –∑–∞–≤–æ–¥–∞ - –Ω–∏–∑–∫–∏–µ —Ü–µ–Ω—ã, –±–µ–∑ –ø–æ—Å—Ä–µ–¥–Ω–∏–∫–æ–≤.

‚úÖ –ë–æ–ª—å—à–æ–π –≤—ã–±–æ—Ä ( –ø–æ —Ç–∏–ø–∞–º —Ü–≤–µ—Ç–∞, —Ç–æ–ª—â–∏–Ω—ã –∏ —Ü–µ–Ω–æ–≤–æ–π –∫–∞—Ç–µ–≥–æ—Ä–∏–∏ ).

‚úÖ –ì–µ—Ä–º–µ—Ç–∏—á–Ω—ã–µ - –Ω–µ –±—É–¥—É—Ç –ø—Ä–æ–¥—É–≤–∞—Ç—å—Å—è.

‚úÖ –ú–∞–∫—Å–∏–º–∞–ª—å–Ω–æ —Ç–∏—Ö–∏–µ.

‚úÖ –≠–∫–æ–ª–æ–≥–∏—á–µ—Å–∫–∏ —á–∏—Å—Ç—ã–µ.

‚úÖ–ú–∞–∫—Å–∏–º–∞–ª—å–Ω–æ –±–µ–∑–æ–ø–∞—Å–Ω—ã–µ.

‚úÖ –î–≤–æ–π–Ω–æ–π –∫–æ–Ω—Ç—Ä–æ–ª—å –∫–∞—á–µ—Å—Ç–≤–∞.

‚úÖ –ù–µ —Ç—Ä–µ—Å–∫–∞—é—Ç—Å—è.

‚úÖ –ë–µ–∑ –ø–µ—Ä–µ–ø–ª–∞—Ç.

‚Äî‚Äî‚Äî‚Äî

üîπ **–ó–í–û–ù–ò–¢–ï —Å–µ–π—á–∞—Å –∏ –ø–æ–±–µ—Ä—É –Ω–∞–∏–±–æ–ª–µ–µ –ø–æ–¥—Ö–æ–¥—è—â–∏–µ –¥–ª—è –≤–∞—Å –∏ –≤–∞—à–µ–≥–æ –¥–æ–º–∞ –æ–∫–Ω–∞!**

‚≠ê **–î–æ–±–∞–≤—å—Ç–µ —ç—Ç–æ –æ–±—ä—è–≤–ª–µ–Ω–∏–µ –≤ –∏–∑–±—Ä–∞–Ω–Ω–æ–µ, —á—Ç–æ–±—ã –Ω–µ –ø–æ—Ç–µ—Ä—è—Ç—å**

‚Äî‚Äî‚Äî‚Äî

–ö –ø—Ä–∏–º–µ—Ä—É –≤ –Ω–∞–ª–∏—á–∏–µ —Ç—Ä–µ—Ö—Å—Ç–≤–æ—Ä—á–∞—Ç–æ–µ –ü–í–• –æ–∫–Ω–æ

–†–∞–∑–º–µ—Ä: 1700—Ö1400

5-–∫–∞–º–µ—Ä–Ω—ã–π –ø—Ä–æ—Ñ–∏–ª—å

–î–≤—É—Ö–∫–∞–º–µ—Ä–Ω—ã–π —Å—Ç–µ–∫–ª–æ–ø–∞–∫–µ—Ç (—Ç–æ–ª—â–∏–Ω–æ–π 40 –º–º.)

–§—É—Ä–Ω–∏—Ç—É—Ä–∞ ROTO NT

–ü–æ–¥–æ–∫–æ–Ω–Ω–∏–∫ - 150 –º–º

–í–æ–¥–æ–æ—Ç–ª–∏–≤ - 150 –º–º

‚Äî‚Äî‚Äî‚Äî
–ê—Ä—Ç–∏–∫—É–ª HGO -00123 -DS

üîπ **–ó–≤–æ–Ω–∏—Ç–µ –∏ –ø–æ–ª—É—á–∏—Ç–µ –∫–∞—á–µ—Å—Ç–≤–µ–Ω–Ω—ã–µ –Ω–æ–≤—ã–µ –æ–∫–Ω–∞.**",,"https://www.svetokna.ru/img/primer/a/p/4.jpg,https://i1.photo.2gis.com/images/branch/0/30258560048368144_936a.jpg",,,–†–µ—Å–ø—É–±–ª–∏–∫–∞ –ë–∞—à–∫–æ—Ä—Ç–æ—Å—Ç–∞–Ω,,–ö–∞—Ä–∞–±–∞—à–µ–≤–æ,,,,89279433394,,,,,Free,Package,–ù–µ—Ç,"–†–µ—Å–ø—É–±–ª–∏–∫–∞ –ë–∞—à–∫–æ—Ä—Ç–æ—Å—Ç–∞–Ω, , –ö–∞—Ä–∞–±–∞—à–µ–≤–æ, , , "
T20210516-32,–†–µ–º–æ–Ω—Ç –∏ —Å—Ç—Ä–æ–∏—Ç–µ–ª—å—Å—Ç–≤–æ,–û–∫–Ω–∞ –∏ –±–∞–ª–∫–æ–Ω—ã,,–¢–æ–≤–∞—Ä –æ—Ç –ø—Ä–æ–∏–∑–≤–æ–¥–∏—Ç–µ–ª—è,–ù–æ–≤–æ–µ,–ü–ª–∞—Å—Ç–∏–∫–æ–≤—ã–µ –æ–∫–Ω–∞ –ø–≤—Ö —Å –¥–æ—Å—Ç–∞–≤–∫–æ–π,"–ü–ª–∞—Å—Ç–∏–∫–æ–≤—ã–µ –æ–∫–Ω–∞ –∏ –¥–≤–µ—Ä–∏ —Å –¥–æ—Å—Ç–∞–≤–∫–æ–π. **–ë–æ–ª–µ–µ 421 –≤–∏–¥–æ–≤ –ø–æ —Ä–∞–∑–º–µ—Ä—É**: –î–≤—É—Ö—Å—Ç–≤–æ—Ä—á–∞—Ç—ã–µ –∏ —Ç—Ä–µ—Ö—Å—Ç–≤–æ—Ä—á–∞—Ç–æ–µ –û–∫–Ω–∞ –ü–í–•. –ë–∞–ª–∫–æ–Ω–Ω—ã–π –±–ª–æ–∫–∏. –ü–æ–¥–æ–∫–æ–Ω–Ω–∏–∫–∏, –æ—Ç–∫–æ—Å—ã, –æ—Ç–ª–∏–≤—ã, –¥–µ—Ç—Å–∫–∏–µ –∑–∞–º–∫–∏

‚Äî‚Äî‚Äî‚Äî

üîπ **–ó–≤–æ–Ω–∏—Ç–µ –∏ —è –±–µ—Å–ø–ª–∞—Ç–Ω–æ —Ä–∞—Å—Å—á–∏—Ç–∞—é –≤–∞–º —Å—Ç–æ–∏–º–æ—Å—Ç—å –∏ —É–∂–µ —Å–µ–≥–æ–¥–Ω—è –ø—Ä–∏–µ–¥–µ–º –Ω–∞ –∑–∞–º–µ—Ä.**

‚Äî‚Äî‚Äî‚Äî

‚úÖ –ú–∞—Ç–µ—Ä–∏–∞–ª –Ω–∞–ø—Ä—è–º—É—é –æ—Ç –∑–∞–≤–æ–¥–∞ - –Ω–∏–∑–∫–∏–µ —Ü–µ–Ω—ã, –±–µ–∑ –ø–æ—Å—Ä–µ–¥–Ω–∏–∫–æ–≤.

‚úÖ –ë–æ–ª—å—à–æ–π –≤—ã–±–æ—Ä ( –ø–æ —Ç–∏–ø–∞–º —Ü–≤–µ—Ç–∞, —Ç–æ–ª—â–∏–Ω—ã –∏ —Ü–µ–Ω–æ–≤–æ–π –∫–∞—Ç–µ–≥–æ—Ä–∏–∏ ).

‚úÖ –ì–µ—Ä–º–µ—Ç–∏—á–Ω—ã–µ - –Ω–µ –±—É–¥—É—Ç –ø—Ä–æ–¥—É–≤–∞—Ç—å—Å—è.

‚úÖ –ú–∞–∫—Å–∏–º–∞–ª—å–Ω–æ —Ç–∏—Ö–∏–µ.

‚úÖ –≠–∫–æ–ª–æ–≥–∏—á–µ—Å–∫–∏ —á–∏—Å—Ç—ã–µ.

‚úÖ–ú–∞–∫—Å–∏–º–∞–ª—å–Ω–æ –±–µ–∑–æ–ø–∞—Å–Ω—ã–µ.

‚úÖ –î–≤–æ–π–Ω–æ–π –∫–æ–Ω—Ç—Ä–æ–ª—å –∫–∞—á–µ—Å—Ç–≤–∞.

‚úÖ –ù–µ —Ç—Ä–µ—Å–∫–∞—é—Ç—Å—è.

‚úÖ –ë–µ–∑ –ø–µ—Ä–µ–ø–ª–∞—Ç.

‚Äî‚Äî‚Äî‚Äî

üîπ **–ó–í–û–ù–ò–¢–ï —Å–µ–π—á–∞—Å –∏ –ø–æ–±–µ—Ä—É –Ω–∞–∏–±–æ–ª–µ–µ –ø–æ–¥—Ö–æ–¥—è—â–∏–µ –¥–ª—è –≤–∞—Å –∏ –≤–∞—à–µ–≥–æ –¥–æ–º–∞ –æ–∫–Ω–∞!**

‚≠ê **–î–æ–±–∞–≤—å—Ç–µ —ç—Ç–æ –æ–±—ä—è–≤–ª–µ–Ω–∏–µ –≤ –∏–∑–±—Ä–∞–Ω–Ω–æ–µ, —á—Ç–æ–±—ã –Ω–µ –ø–æ—Ç–µ—Ä—è—Ç—å**

‚Äî‚Äî‚Äî‚Äî

–ö –ø—Ä–∏–º–µ—Ä—É –≤ –Ω–∞–ª–∏—á–∏–µ —Ç—Ä–µ—Ö—Å—Ç–≤–æ—Ä—á–∞—Ç–æ–µ –ü–í–• –æ–∫–Ω–æ

–†–∞–∑–º–µ—Ä: 1700—Ö1400

5-–∫–∞–º–µ—Ä–Ω—ã–π –ø—Ä–æ—Ñ–∏–ª—å

–î–≤—É—Ö–∫–∞–º–µ—Ä–Ω—ã–π —Å—Ç–µ–∫–ª–æ–ø–∞–∫–µ—Ç (—Ç–æ–ª—â–∏–Ω–æ–π 40 –º–º.)

–§—É—Ä–Ω–∏—Ç—É—Ä–∞ ROTO NT

–ü–æ–¥–æ–∫–æ–Ω–Ω–∏–∫ - 150 –º–º

–í–æ–¥–æ–æ—Ç–ª–∏–≤ - 150 –º–º

‚Äî‚Äî‚Äî‚Äî
–ê—Ä—Ç–∏–∫—É–ª LFJE -0384 -0BJ

üîπ **–ó–≤–æ–Ω–∏—Ç–µ –∏ –ø–æ–ª—É—á–∏—Ç–µ –∫–∞—á–µ—Å—Ç–≤–µ–Ω–Ω—ã–µ –Ω–æ–≤—ã–µ –æ–∫–Ω–∞.**",,"https://g.zbp.ru/45/83/1d121d.ewj1cw.8ha1.xc.m8.jpg,https://cache3.youla.io/files/images/780_780/5b/a8/5ba895d8b5fc2dbea479d743.jpg",,,–†–µ—Å–ø—É–±–ª–∏–∫–∞ –ë–∞—à–∫–æ—Ä—Ç–æ—Å—Ç–∞–Ω,,–ò—à—Ç–µ—Ä—è–∫–æ–≤–æ,,,,89279433394,,,,,Free,Package,–ù–µ—Ç,"–†–µ—Å–ø—É–±–ª–∏–∫–∞ –ë–∞—à–∫–æ—Ä—Ç–æ—Å—Ç–∞–Ω, , –ò—à—Ç–µ—Ä—è–∫–æ–≤–æ, , , "
T20210516-33,–†–µ–º–æ–Ω—Ç –∏ —Å—Ç—Ä–æ–∏—Ç–µ–ª—å—Å—Ç–≤–æ,–û–∫–Ω–∞ –∏ –±–∞–ª–∫–æ–Ω—ã,,–¢–æ–≤–∞—Ä –æ—Ç –ø—Ä–æ–∏–∑–≤–æ–¥–∏—Ç–µ–ª—è,–ù–æ–≤–æ–µ,–ü–ª–∞—Å—Ç–∏–∫–æ–≤—ã–µ –æ–∫–Ω–∞ –ø–≤—Ö —Å –¥–æ—Å—Ç–∞–≤–∫–æ–π,"–ü–ª–∞—Å—Ç–∏–∫–æ–≤—ã–µ –æ–∫–Ω–∞ –∏ –¥–≤–µ—Ä–∏ —Å –¥–æ—Å—Ç–∞–≤–∫–æ–π. **–ë–æ–ª–µ–µ 421 –≤–∏–¥–æ–≤ –ø–æ —Ä–∞–∑–º–µ—Ä—É**: –î–≤—É—Ö—Å—Ç–≤–æ—Ä—á–∞—Ç—ã–µ –∏ —Ç—Ä–µ—Ö—Å—Ç–≤–æ—Ä—á–∞—Ç–æ–µ –û–∫–Ω–∞ –ü–í–•. –ë–∞–ª–∫–æ–Ω–Ω—ã–π –±–ª–æ–∫–∏. –ü–æ–¥–æ–∫–æ–Ω–Ω–∏–∫–∏, –æ—Ç–∫–æ—Å—ã, –æ—Ç–ª–∏–≤—ã, –¥–µ—Ç—Å–∫–∏–µ –∑–∞–º–∫–∏

‚Äî‚Äî‚Äî‚Äî

üîπ **–ó–≤–æ–Ω–∏—Ç–µ –∏ —è –±–µ—Å–ø–ª–∞—Ç–Ω–æ —Ä–∞—Å—Å—á–∏—Ç–∞—é –≤–∞–º —Å—Ç–æ–∏–º–æ—Å—Ç—å –∏ —É–∂–µ —Å–µ–≥–æ–¥–Ω—è –ø—Ä–∏–µ–¥–µ–º –Ω–∞ –∑–∞–º–µ—Ä.**

‚Äî‚Äî‚Äî‚Äî

‚úÖ –ú–∞—Ç–µ—Ä–∏–∞–ª –Ω–∞–ø—Ä—è–º—É—é –æ—Ç –∑–∞–≤–æ–¥–∞ - –Ω–∏–∑–∫–∏–µ —Ü–µ–Ω—ã, –±–µ–∑ –ø–æ—Å—Ä–µ–¥–Ω–∏–∫–æ–≤.

‚úÖ –ë–æ–ª—å—à–æ–π –≤—ã–±–æ—Ä ( –ø–æ —Ç–∏–ø–∞–º —Ü–≤–µ—Ç–∞, —Ç–æ–ª—â–∏–Ω—ã –∏ —Ü–µ–Ω–æ–≤–æ–π –∫–∞—Ç–µ–≥–æ—Ä–∏–∏ ).

‚úÖ –ì–µ—Ä–º–µ—Ç–∏—á–Ω—ã–µ - –Ω–µ –±—É–¥—É—Ç –ø—Ä–æ–¥—É–≤–∞—Ç—å—Å—è.

‚úÖ –ú–∞–∫—Å–∏–º–∞–ª—å–Ω–æ —Ç–∏—Ö–∏–µ.

‚úÖ –≠–∫–æ–ª–æ–≥–∏—á–µ—Å–∫–∏ —á–∏—Å—Ç—ã–µ.

‚úÖ–ú–∞–∫—Å–∏–º–∞–ª—å–Ω–æ –±–µ–∑–æ–ø–∞—Å–Ω—ã–µ.

‚úÖ –î–≤–æ–π–Ω–æ–π –∫–æ–Ω—Ç—Ä–æ–ª—å –∫–∞—á–µ—Å—Ç–≤–∞.

‚úÖ –ù–µ —Ç—Ä–µ—Å–∫–∞—é—Ç—Å—è.

‚úÖ –ë–µ–∑ –ø–µ—Ä–µ–ø–ª–∞—Ç.

‚Äî‚Äî‚Äî‚Äî

üîπ **–ó–í–û–ù–ò–¢–ï —Å–µ–π—á–∞—Å –∏ –ø–æ–±–µ—Ä—É –Ω–∞–∏–±–æ–ª–µ–µ –ø–æ–¥—Ö–æ–¥—è—â–∏–µ –¥–ª—è –≤–∞—Å –∏ –≤–∞—à–µ–≥–æ –¥–æ–º–∞ –æ–∫–Ω–∞!**

‚≠ê **–î–æ–±–∞–≤—å—Ç–µ —ç—Ç–æ –æ–±—ä—è–≤–ª–µ–Ω–∏–µ –≤ –∏–∑–±—Ä–∞–Ω–Ω–æ–µ, —á—Ç–æ–±—ã –Ω–µ –ø–æ—Ç–µ—Ä—è—Ç—å**

‚Äî‚Äî‚Äî‚Äî

–ö –ø—Ä–∏–º–µ—Ä—É –≤ –Ω–∞–ª–∏—á–∏–µ —Ç—Ä–µ—Ö—Å—Ç–≤–æ—Ä—á–∞—Ç–æ–µ –ü–í–• –æ–∫–Ω–æ

–†–∞–∑–º–µ—Ä: 1700—Ö1400

5-–∫–∞–º–µ—Ä–Ω—ã–π –ø—Ä–æ—Ñ–∏–ª—å

–î–≤—É—Ö–∫–∞–º–µ—Ä–Ω—ã–π —Å—Ç–µ–∫–ª–æ–ø–∞–∫–µ—Ç (—Ç–æ–ª—â–∏–Ω–æ–π 40 –º–º.)

–§—É—Ä–Ω–∏—Ç—É—Ä–∞ ROTO NT

–ü–æ–¥–æ–∫–æ–Ω–Ω–∏–∫ - 150 –º–º

–í–æ–¥–æ–æ—Ç–ª–∏–≤ - 150 –º–º

‚Äî‚Äî‚Äî‚Äî
–ê—Ä—Ç–∏–∫—É–ª KEO-R -00123 -0BJ

üîπ **–ó–≤–æ–Ω–∏—Ç–µ –∏ –ø–æ–ª—É—á–∏—Ç–µ –∫–∞—á–µ—Å—Ç–≤–µ–Ω–Ω—ã–µ –Ω–æ–≤—ã–µ –æ–∫–Ω–∞.**",,"https://avatars.mds.yandex.net/get-altay/1027639/2a0000016294afe2cb50c38657432d037242/XXXL,https://cache3.youla.io/files/images/780_780/5d/b1/5db1865385e9d219762e4f77.jpg",,,–†–µ—Å–ø—É–±–ª–∏–∫–∞ –ë–∞—à–∫–æ—Ä—Ç–æ—Å—Ç–∞–Ω,,–†—Å–∞–µ–≤–æ,,,,89279433394,,,,,Free,Package,–ù–µ—Ç,"–†–µ—Å–ø—É–±–ª–∏–∫–∞ –ë–∞—à–∫–æ—Ä—Ç–æ—Å—Ç–∞–Ω, , –†—Å–∞–µ–≤–æ, , , "
T20210516-36,–†–µ–º–æ–Ω—Ç –∏ —Å—Ç—Ä–æ–∏—Ç–µ–ª—å—Å—Ç–≤–æ,–û–∫–Ω–∞ –∏ –±–∞–ª–∫–æ–Ω—ã,,–¢–æ–≤–∞—Ä –æ—Ç –ø—Ä–æ–∏–∑–≤–æ–¥–∏—Ç–µ–ª—è,–ù–æ–≤–æ–µ,–ü–ª–∞—Å—Ç–∏–∫–æ–≤—ã–µ –æ–∫–Ω–∞ –ø–≤—Ö —Å –¥–æ—Å—Ç–∞–≤–∫–æ–π,"–ü–ª–∞—Å—Ç–∏–∫–æ–≤—ã–µ –æ–∫–Ω–∞ –∏ –¥–≤–µ—Ä–∏ —Å –¥–æ—Å—Ç–∞–≤–∫–æ–π. **–ë–æ–ª–µ–µ 421 –≤–∏–¥–æ–≤ –ø–æ —Ä–∞–∑–º–µ—Ä—É**: –î–≤—É—Ö—Å—Ç–≤–æ—Ä—á–∞—Ç—ã–µ –∏ —Ç—Ä–µ—Ö—Å—Ç–≤–æ—Ä—á–∞—Ç–æ–µ –û–∫–Ω–∞ –ü–í–•. –ë–∞–ª–∫–æ–Ω–Ω—ã–π –±–ª–æ–∫–∏. –ü–æ–¥–æ–∫–æ–Ω–Ω–∏–∫–∏, –æ—Ç–∫–æ—Å—ã, –æ—Ç–ª–∏–≤—ã, –¥–µ—Ç—Å–∫–∏–µ –∑–∞–º–∫–∏

‚Äî‚Äî‚Äî‚Äî

üîπ **–ó–≤–æ–Ω–∏—Ç–µ –∏ —è –±–µ—Å–ø–ª–∞—Ç–Ω–æ —Ä–∞—Å—Å—á–∏—Ç–∞—é –≤–∞–º —Å—Ç–æ–∏–º–æ—Å—Ç—å –∏ —É–∂–µ —Å–µ–≥–æ–¥–Ω—è –ø—Ä–∏–µ–¥–µ–º –Ω–∞ –∑–∞–º–µ—Ä.**

‚Äî‚Äî‚Äî‚Äî

‚úÖ –ú–∞—Ç–µ—Ä–∏–∞–ª –Ω–∞–ø—Ä—è–º—É—é –æ—Ç –∑–∞–≤–æ–¥–∞ - –Ω–∏–∑–∫–∏–µ —Ü–µ–Ω—ã, –±–µ–∑ –ø–æ—Å—Ä–µ–¥–Ω–∏–∫–æ–≤.

‚úÖ –ë–æ–ª—å—à–æ–π –≤—ã–±–æ—Ä ( –ø–æ —Ç–∏–ø–∞–º —Ü–≤–µ—Ç–∞, —Ç–æ–ª—â–∏–Ω—ã –∏ —Ü–µ–Ω–æ–≤–æ–π –∫–∞—Ç–µ–≥–æ—Ä–∏–∏ ).

‚úÖ –ì–µ—Ä–º–µ—Ç–∏—á–Ω—ã–µ - –Ω–µ –±—É–¥—É—Ç –ø—Ä–æ–¥—É–≤–∞—Ç—å—Å—è.

‚úÖ –ú–∞–∫—Å–∏–º–∞–ª—å–Ω–æ —Ç–∏—Ö–∏–µ.

‚úÖ –≠–∫–æ–ª–æ–≥–∏—á–µ—Å–∫–∏ —á–∏—Å—Ç—ã–µ.

‚úÖ–ú–∞–∫—Å–∏–º–∞–ª—å–Ω–æ –±–µ–∑–æ–ø–∞—Å–Ω—ã–µ.

‚úÖ –î–≤–æ–π–Ω–æ–π –∫–æ–Ω—Ç—Ä–æ–ª—å –∫–∞—á–µ—Å—Ç–≤–∞.

‚úÖ –ù–µ —Ç—Ä–µ—Å–∫–∞—é—Ç—Å—è.

‚úÖ –ë–µ–∑ –ø–µ—Ä–µ–ø–ª–∞—Ç.

‚Äî‚Äî‚Äî‚Äî

üîπ **–ó–í–û–ù–ò–¢–ï —Å–µ–π—á–∞—Å –∏ –ø–æ–±–µ—Ä—É –Ω–∞–∏–±–æ–ª–µ–µ –ø–æ–¥—Ö–æ–¥—è—â–∏–µ –¥–ª—è –≤–∞—Å –∏ –≤–∞—à–µ–≥–æ –¥–æ–º–∞ –æ–∫–Ω–∞!**

‚≠ê **–î–æ–±–∞–≤—å—Ç–µ —ç—Ç–æ –æ–±—ä—è–≤–ª–µ–Ω–∏–µ –≤ –∏–∑–±—Ä–∞–Ω–Ω–æ–µ, —á—Ç–æ–±—ã –Ω–µ –ø–æ—Ç–µ—Ä—è—Ç—å**

‚Äî‚Äî‚Äî‚Äî

–ö –ø—Ä–∏–º–µ—Ä—É –≤ –Ω–∞–ª–∏—á–∏–µ —Ç—Ä–µ—Ö—Å—Ç–≤–æ—Ä—á–∞—Ç–æ–µ –ü–í–• –æ–∫–Ω–æ

–†–∞–∑–º–µ—Ä: 1700—Ö1400

5-–∫–∞–º–µ—Ä–Ω—ã–π –ø—Ä–æ—Ñ–∏–ª—å

–î–≤—É—Ö–∫–∞–º–µ—Ä–Ω—ã–π —Å—Ç–µ–∫–ª–æ–ø–∞–∫–µ—Ç (—Ç–æ–ª—â–∏–Ω–æ–π 40 –º–º.)

–§—É—Ä–Ω–∏—Ç—É—Ä–∞ ROTO NT

–ü–æ–¥–æ–∫–æ–Ω–Ω–∏–∫ - 150 –º–º

–í–æ–¥–æ–æ—Ç–ª–∏–≤ - 150 –º–º

‚Äî‚Äî‚Äî‚Äî
–ê—Ä—Ç–∏–∫—É–ª HGO -0384 -VD2

üîπ **–ó–≤–æ–Ω–∏—Ç–µ –∏ –ø–æ–ª—É—á–∏—Ç–µ –∫–∞—á–µ—Å—Ç–≤–µ–Ω–Ω—ã–µ –Ω–æ–≤—ã–µ –æ–∫–Ω–∞.**",,"https://cache3.youla.io/files/images/780_780/5a/24/5a24e8f6821a992d490d6214.jpg,https://dizajny.expert/wp-content/uploads/2020/08/okna-lerua-merlen-43.jpg",,,–†–µ—Å–ø—É–±–ª–∏–∫–∞ –ë–∞—à–∫–æ—Ä—Ç–æ—Å—Ç–∞–Ω,,–õ–∞—è—à—Ç—ã,,,,89279433394,,,,,Free,Package,–ù–µ—Ç,"–†–µ—Å–ø—É–±–ª–∏–∫–∞ –ë–∞—à–∫–æ—Ä—Ç–æ—Å—Ç–∞–Ω, , –õ–∞—è—à—Ç—ã, , , "
T20210516-37,–†–µ–º–æ–Ω—Ç –∏ —Å—Ç—Ä–æ–∏—Ç–µ–ª—å—Å—Ç–≤–æ,–û–∫–Ω–∞ –∏ –±–∞–ª–∫–æ–Ω—ã,,–¢–æ–≤–∞—Ä –æ—Ç –ø—Ä–æ–∏–∑–≤–æ–¥–∏—Ç–µ–ª—è,–ù–æ–≤–æ–µ,–ü–ª–∞—Å—Ç–∏–∫–æ–≤—ã–µ –æ–∫–Ω–∞ –ø–≤—Ö —Å –¥–æ—Å—Ç–∞–≤–∫–æ–π,"–ü–ª–∞—Å—Ç–∏–∫–æ–≤—ã–µ –æ–∫–Ω–∞ –∏ –¥–≤–µ—Ä–∏ —Å –¥–æ—Å—Ç–∞–≤–∫–æ–π. **–ë–æ–ª–µ–µ 421 –≤–∏–¥–æ–≤ –ø–æ —Ä–∞–∑–º–µ—Ä—É**: –î–≤—É—Ö—Å—Ç–≤–æ—Ä—á–∞—Ç—ã–µ –∏ —Ç—Ä–µ—Ö—Å—Ç–≤–æ—Ä—á–∞—Ç–æ–µ –û–∫–Ω–∞ –ü–í–•. –ë–∞–ª–∫–æ–Ω–Ω—ã–π –±–ª–æ–∫–∏. –ü–æ–¥–æ–∫–æ–Ω–Ω–∏–∫–∏, –æ—Ç–∫–æ—Å—ã, –æ—Ç–ª–∏–≤—ã, –¥–µ—Ç—Å–∫–∏–µ –∑–∞–º–∫–∏

‚Äî‚Äî‚Äî‚Äî

üîπ **–ó–≤–æ–Ω–∏—Ç–µ –∏ —è –±–µ—Å–ø–ª–∞—Ç–Ω–æ —Ä–∞—Å—Å—á–∏—Ç–∞—é –≤–∞–º —Å—Ç–æ–∏–º–æ—Å—Ç—å –∏ —É–∂–µ —Å–µ–≥–æ–¥–Ω—è –ø—Ä–∏–µ–¥–µ–º –Ω–∞ –∑–∞–º–µ—Ä.**

‚Äî‚Äî‚Äî‚Äî

‚úÖ –ú–∞—Ç–µ—Ä–∏–∞–ª –Ω–∞–ø—Ä—è–º—É—é –æ—Ç –∑–∞–≤–æ–¥–∞ - –Ω–∏–∑–∫–∏–µ —Ü–µ–Ω—ã, –±–µ–∑ –ø–æ—Å—Ä–µ–¥–Ω–∏–∫–æ–≤.

‚úÖ –ë–æ–ª—å—à–æ–π –≤—ã–±–æ—Ä ( –ø–æ —Ç–∏–ø–∞–º —Ü–≤–µ—Ç–∞, —Ç–æ–ª—â–∏–Ω—ã –∏ —Ü–µ–Ω–æ–≤–æ–π –∫–∞—Ç–µ–≥–æ—Ä–∏–∏ ).

‚úÖ –ì–µ—Ä–º–µ—Ç–∏—á–Ω—ã–µ - –Ω–µ –±—É–¥—É—Ç –ø—Ä–æ–¥—É–≤–∞—Ç—å—Å—è.

‚úÖ –ú–∞–∫—Å–∏–º–∞–ª—å–Ω–æ —Ç–∏—Ö–∏–µ.

‚úÖ –≠–∫–æ–ª–æ–≥–∏—á–µ—Å–∫–∏ —á–∏—Å—Ç—ã–µ.

‚úÖ–ú–∞–∫—Å–∏–º–∞–ª—å–Ω–æ –±–µ–∑–æ–ø–∞—Å–Ω—ã–µ.

‚úÖ –î–≤–æ–π–Ω–æ–π –∫–æ–Ω—Ç—Ä–æ–ª—å –∫–∞—á–µ—Å—Ç–≤–∞.

‚úÖ –ù–µ —Ç—Ä–µ—Å–∫–∞—é—Ç—Å—è.

‚úÖ –ë–µ–∑ –ø–µ—Ä–µ–ø–ª–∞—Ç.

‚Äî‚Äî‚Äî‚Äî

üîπ **–ó–í–û–ù–ò–¢–ï —Å–µ–π—á–∞—Å –∏ –ø–æ–±–µ—Ä—É –Ω–∞–∏–±–æ–ª–µ–µ –ø–æ–¥—Ö–æ–¥—è—â–∏–µ –¥–ª—è –≤–∞—Å –∏ –≤–∞—à–µ–≥–æ –¥–æ–º–∞ –æ–∫–Ω–∞!**

‚≠ê **–î–æ–±–∞–≤—å—Ç–µ —ç—Ç–æ –æ–±—ä—è–≤–ª–µ–Ω–∏–µ –≤ –∏–∑–±—Ä–∞–Ω–Ω–æ–µ, —á—Ç–æ–±—ã –Ω–µ –ø–æ—Ç–µ—Ä—è—Ç—å**

‚Äî‚Äî‚Äî‚Äî

–ö –ø—Ä–∏–º–µ—Ä—É –≤ –Ω–∞–ª–∏—á–∏–µ —Ç—Ä–µ—Ö—Å—Ç–≤–æ—Ä—á–∞—Ç–æ–µ –ü–í–• –æ–∫–Ω–æ

–†–∞–∑–º–µ—Ä: 1700—Ö1400

5-–∫–∞–º–µ—Ä–Ω—ã–π –ø—Ä–æ—Ñ–∏–ª—å

–î–≤—É—Ö–∫–∞–º–µ—Ä–Ω—ã–π —Å—Ç–µ–∫–ª–æ–ø–∞–∫–µ—Ç (—Ç–æ–ª—â–∏–Ω–æ–π 40 –º–º.)

–§—É—Ä–Ω–∏—Ç—É—Ä–∞ ROTO NT

–ü–æ–¥–æ–∫–æ–Ω–Ω–∏–∫ - 150 –º–º

–í–æ–¥–æ–æ—Ç–ª–∏–≤ - 150 –º–º

‚Äî‚Äî‚Äî‚Äî
–ê—Ä—Ç–∏–∫—É–ª LFJE -4532 -DS

üîπ **–ó–≤–æ–Ω–∏—Ç–µ –∏ –ø–æ–ª—É—á–∏—Ç–µ –∫–∞—á–µ—Å—Ç–≤–µ–Ω–Ω—ã–µ –Ω–æ–≤—ã–µ –æ–∫–Ω–∞.**",,"https://cache3.youla.io/files/images/780_780/5d/78/5d78fa16c15ae3a9ce001cc4.jpg,https://cache3.youla.io/files/images/780_780/5e/4d/5e4d62fae7d7cea9174876c0.jpg,https://ointeres.ru/upload/000/u1/20/fd/d78f80e4.jpg",,,–†–µ—Å–ø—É–±–ª–∏–∫–∞ –ë–∞—à–∫–æ—Ä—Ç–æ—Å—Ç–∞–Ω,,–ò—Å–º–∞–∏–ª–æ–≤–æ,,,,89279433394,,,,,Free,Package,–ù–µ—Ç,"–†–µ—Å–ø—É–±–ª–∏–∫–∞ –ë–∞—à–∫–æ—Ä—Ç–æ—Å—Ç–∞–Ω, , –ò—Å–º–∞–∏–ª–æ–≤–æ, , , "
T20210516-38,–†–µ–º–æ–Ω—Ç –∏ —Å—Ç—Ä–æ–∏—Ç–µ–ª—å—Å—Ç–≤–æ,–û–∫–Ω–∞ –∏ –±–∞–ª–∫–æ–Ω—ã,,–¢–æ–≤–∞—Ä –æ—Ç –ø—Ä–æ–∏–∑–≤–æ–¥–∏—Ç–µ–ª—è,–ù–æ–≤–æ–µ,–ü–ª–∞—Å—Ç–∏–∫–æ–≤—ã–µ –æ–∫–Ω–∞ –ø–≤—Ö —Å –¥–æ—Å—Ç–∞–≤–∫–æ–π,"–ü–ª–∞—Å—Ç–∏–∫–æ–≤—ã–µ –æ–∫–Ω–∞ –∏ –¥–≤–µ—Ä–∏ —Å –¥–æ—Å—Ç–∞–≤–∫–æ–π. **–ë–æ–ª–µ–µ 421 –≤–∏–¥–æ–≤ –ø–æ —Ä–∞–∑–º–µ—Ä—É**: –î–≤—É—Ö—Å—Ç–≤–æ—Ä—á–∞—Ç—ã–µ –∏ —Ç—Ä–µ—Ö—Å—Ç–≤–æ—Ä—á–∞—Ç–æ–µ –û–∫–Ω–∞ –ü–í–•. –ë–∞–ª–∫–æ–Ω–Ω—ã–π –±–ª–æ–∫–∏. –ü–æ–¥–æ–∫–æ–Ω–Ω–∏–∫–∏, –æ—Ç–∫–æ—Å—ã, –æ—Ç–ª–∏–≤—ã, –¥–µ—Ç—Å–∫–∏–µ –∑–∞–º–∫–∏

‚Äî‚Äî‚Äî‚Äî

üîπ **–ó–≤–æ–Ω–∏—Ç–µ –∏ —è –±–µ—Å–ø–ª–∞—Ç–Ω–æ —Ä–∞—Å—Å—á–∏—Ç–∞—é –≤–∞–º —Å—Ç–æ–∏–º–æ—Å—Ç—å –∏ —É–∂–µ —Å–µ–≥–æ–¥–Ω—è –ø—Ä–∏–µ–¥–µ–º –Ω–∞ –∑–∞–º–µ—Ä.**

‚Äî‚Äî‚Äî‚Äî

‚úÖ –ú–∞—Ç–µ—Ä–∏–∞–ª –Ω–∞–ø—Ä—è–º—É—é –æ—Ç –∑–∞–≤–æ–¥–∞ - –Ω–∏–∑–∫–∏–µ —Ü–µ–Ω—ã, –±–µ–∑ –ø–æ—Å—Ä–µ–¥–Ω–∏–∫–æ–≤.

‚úÖ –ë–æ–ª—å—à–æ–π –≤—ã–±–æ—Ä ( –ø–æ —Ç–∏–ø–∞–º —Ü–≤–µ—Ç–∞, —Ç–æ–ª—â–∏–Ω—ã –∏ —Ü–µ–Ω–æ–≤–æ–π –∫–∞—Ç–µ–≥–æ—Ä–∏–∏ ).

‚úÖ –ì–µ—Ä–º–µ—Ç–∏—á–Ω—ã–µ - –Ω–µ –±—É–¥—É—Ç –ø—Ä–æ–¥—É–≤–∞—Ç—å—Å—è.

‚úÖ –ú–∞–∫—Å–∏–º–∞–ª—å–Ω–æ —Ç–∏—Ö–∏–µ.

‚úÖ –≠–∫–æ–ª–æ–≥–∏—á–µ—Å–∫–∏ —á–∏—Å—Ç—ã–µ.

‚úÖ–ú–∞–∫—Å–∏–º–∞–ª—å–Ω–æ –±–µ–∑–æ–ø–∞—Å–Ω—ã–µ.

‚úÖ –î–≤–æ–π–Ω–æ–π –∫–æ–Ω—Ç—Ä–æ–ª—å –∫–∞—á–µ—Å—Ç–≤–∞.

‚úÖ –ù–µ —Ç—Ä–µ—Å–∫–∞—é—Ç—Å—è.

‚úÖ –ë–µ–∑ –ø–µ—Ä–µ–ø–ª–∞—Ç.

‚Äî‚Äî‚Äî‚Äî

üîπ **–ó–í–û–ù–ò–¢–ï —Å–µ–π—á–∞—Å –∏ –ø–æ–±–µ—Ä—É –Ω–∞–∏–±–æ–ª–µ–µ –ø–æ–¥—Ö–æ–¥—è—â–∏–µ –¥–ª—è –≤–∞—Å –∏ –≤–∞—à–µ–≥–æ –¥–æ–º–∞ –æ–∫–Ω–∞!**

‚≠ê **–î–æ–±–∞–≤—å—Ç–µ —ç—Ç–æ –æ–±—ä—è–≤–ª–µ–Ω–∏–µ –≤ –∏–∑–±—Ä–∞–Ω–Ω–æ–µ, —á—Ç–æ–±—ã –Ω–µ –ø–æ—Ç–µ—Ä—è—Ç—å**

‚Äî‚Äî‚Äî‚Äî

–ö –ø—Ä–∏–º–µ—Ä—É –≤ –Ω–∞–ª–∏—á–∏–µ —Ç—Ä–µ—Ö—Å—Ç–≤–æ—Ä—á–∞—Ç–æ–µ –ü–í–• –æ–∫–Ω–æ

–†–∞–∑–º–µ—Ä: 1700—Ö1400

5-–∫–∞–º–µ—Ä–Ω—ã–π –ø—Ä–æ—Ñ–∏–ª—å

–î–≤—É—Ö–∫–∞–º–µ—Ä–Ω—ã–π —Å—Ç–µ–∫–ª–æ–ø–∞–∫–µ—Ç (—Ç–æ–ª—â–∏–Ω–æ–π 40 –º–º.)

–§—É—Ä–Ω–∏—Ç—É—Ä–∞ ROTO NT

–ü–æ–¥–æ–∫–æ–Ω–Ω–∏–∫ - 150 –º–º

–í–æ–¥–æ–æ—Ç–ª–∏–≤ - 150 –º–º

‚Äî‚Äî‚Äî‚Äî
–ê—Ä—Ç–∏–∫—É–ª OTHF -4532 -VD2

üîπ **–ó–≤–æ–Ω–∏—Ç–µ –∏ –ø–æ–ª—É—á–∏—Ç–µ –∫–∞—á–µ—Å—Ç–≤–µ–Ω–Ω—ã–µ –Ω–æ–≤—ã–µ –æ–∫–Ω–∞.**",,"https://cache3.youla.io/files/images/780_780/5d/f0/5df0ca3eaaab2853c15e78f7.jpg,https://taganrog.baza-okon.ru/sites/default/files/gallery/6630r_0.jpg",,,–†–µ—Å–ø—É–±–ª–∏–∫–∞ –ë–∞—à–∫–æ—Ä—Ç–æ—Å—Ç–∞–Ω,,–¢–∞–∑–µ–µ–≤–æ,,,,89279433394,,,,,Free,Package,–ù–µ—Ç,"–†–µ—Å–ø—É–±–ª–∏–∫–∞ –ë–∞—à–∫–æ—Ä—Ç–æ—Å—Ç–∞–Ω, , –¢–∞–∑–µ–µ–≤–æ, , , "
T20210516-39,–†–µ–º–æ–Ω—Ç –∏ —Å—Ç—Ä–æ–∏—Ç–µ–ª—å—Å—Ç–≤–æ,–û–∫–Ω–∞ –∏ –±–∞–ª–∫–æ–Ω—ã,,–¢–æ–≤–∞—Ä –æ—Ç –ø—Ä–æ–∏–∑–≤–æ–¥–∏—Ç–µ–ª—è,–ù–æ–≤–æ–µ,–ü–ª–∞—Å—Ç–∏–∫–æ–≤—ã–µ –æ–∫–Ω–∞ –ø–≤—Ö —Å –¥–æ—Å—Ç–∞–≤–∫–æ–π,"–ü–ª–∞—Å—Ç–∏–∫–æ–≤—ã–µ –æ–∫–Ω–∞ –∏ –¥–≤–µ—Ä–∏ —Å –¥–æ—Å—Ç–∞–≤–∫–æ–π. **–ë–æ–ª–µ–µ 421 –≤–∏–¥–æ–≤ –ø–æ —Ä–∞–∑–º–µ—Ä—É**: –î–≤—É—Ö—Å—Ç–≤–æ—Ä—á–∞—Ç—ã–µ –∏ —Ç—Ä–µ—Ö—Å—Ç–≤–æ—Ä—á–∞—Ç–æ–µ –û–∫–Ω–∞ –ü–í–•. –ë–∞–ª–∫–æ–Ω–Ω—ã–π –±–ª–æ–∫–∏. –ü–æ–¥–æ–∫–æ–Ω–Ω–∏–∫–∏, –æ—Ç–∫–æ—Å—ã, –æ—Ç–ª–∏–≤—ã, –¥–µ—Ç—Å–∫–∏–µ –∑–∞–º–∫–∏

‚Äî‚Äî‚Äî‚Äî

üîπ **–ó–≤–æ–Ω–∏—Ç–µ –∏ —è –±–µ—Å–ø–ª–∞—Ç–Ω–æ —Ä–∞—Å—Å—á–∏—Ç–∞—é –≤–∞–º —Å—Ç–æ–∏–º–æ—Å—Ç—å –∏ —É–∂–µ —Å–µ–≥–æ–¥–Ω—è –ø—Ä–∏–µ–¥–µ–º –Ω–∞ –∑–∞–º–µ—Ä.**

‚Äî‚Äî‚Äî‚Äî

‚úÖ –ú–∞—Ç–µ—Ä–∏–∞–ª –Ω–∞–ø—Ä—è–º—É—é –æ—Ç –∑–∞–≤–æ–¥–∞ - –Ω–∏–∑–∫–∏–µ —Ü–µ–Ω—ã, –±–µ–∑ –ø–æ—Å—Ä–µ–¥–Ω–∏–∫–æ–≤.

‚úÖ –ë–æ–ª—å—à–æ–π –≤—ã–±–æ—Ä ( –ø–æ —Ç–∏–ø–∞–º —Ü–≤–µ—Ç–∞, —Ç–æ–ª—â–∏–Ω—ã –∏ —Ü–µ–Ω–æ–≤–æ–π –∫–∞—Ç–µ–≥–æ—Ä–∏–∏ ).

‚úÖ –ì–µ—Ä–º–µ—Ç–∏—á–Ω—ã–µ - –Ω–µ –±—É–¥—É—Ç –ø—Ä–æ–¥—É–≤–∞—Ç—å—Å—è.

‚úÖ –ú–∞–∫—Å–∏–º–∞–ª—å–Ω–æ —Ç–∏—Ö–∏–µ.

‚úÖ –≠–∫–æ–ª–æ–≥–∏—á–µ—Å–∫–∏ —á–∏—Å—Ç—ã–µ.

‚úÖ–ú–∞–∫—Å–∏–º–∞–ª—å–Ω–æ –±–µ–∑–æ–ø–∞—Å–Ω—ã–µ.

‚úÖ –î–≤–æ–π–Ω–æ–π –∫–æ–Ω—Ç—Ä–æ–ª—å –∫–∞—á–µ—Å—Ç–≤–∞.

‚úÖ –ù–µ —Ç—Ä–µ—Å–∫–∞—é—Ç—Å—è.

‚úÖ –ë–µ–∑ –ø–µ—Ä–µ–ø–ª–∞—Ç.

‚Äî‚Äî‚Äî‚Äî

üîπ **–ó–í–û–ù–ò–¢–ï —Å–µ–π—á–∞—Å –∏ –ø–æ–±–µ—Ä—É –Ω–∞–∏–±–æ–ª–µ–µ –ø–æ–¥—Ö–æ–¥—è—â–∏–µ –¥–ª—è –≤–∞—Å –∏ –≤–∞—à–µ–≥–æ –¥–æ–º–∞ –æ–∫–Ω–∞!**

‚≠ê **–î–æ–±–∞–≤—å—Ç–µ —ç—Ç–æ –æ–±—ä—è–≤–ª–µ–Ω–∏–µ –≤ –∏–∑–±—Ä–∞–Ω–Ω–æ–µ, —á—Ç–æ–±—ã –Ω–µ –ø–æ—Ç–µ—Ä—è—Ç—å**

‚Äî‚Äî‚Äî‚Äî

–ö –ø—Ä–∏–º–µ—Ä—É –≤ –Ω–∞–ª–∏—á–∏–µ —Ç—Ä–µ—Ö—Å—Ç–≤–æ—Ä—á–∞—Ç–æ–µ –ü–í–• –æ–∫–Ω–æ

–†–∞–∑–º–µ—Ä: 1700—Ö1400

5-–∫–∞–º–µ—Ä–Ω—ã–π –ø—Ä–æ—Ñ–∏–ª—å

–î–≤—É—Ö–∫–∞–º–µ—Ä–Ω—ã–π —Å—Ç–µ–∫–ª–æ–ø–∞–∫–µ—Ç (—Ç–æ–ª—â–∏–Ω–æ–π 40 –º–º.)

–§—É—Ä–Ω–∏—Ç—É—Ä–∞ ROTO NT

–ü–æ–¥–æ–∫–æ–Ω–Ω–∏–∫ - 150 –º–º

–í–æ–¥–æ–æ—Ç–ª–∏–≤ - 150 –º–º

‚Äî‚Äî‚Äî‚Äî
–ê—Ä—Ç–∏–∫—É–ª KEO-R -0384 -DS

üîπ **–ó–≤–æ–Ω–∏—Ç–µ –∏ –ø–æ–ª—É—á–∏—Ç–µ –∫–∞—á–µ—Å—Ç–≤–µ–Ω–Ω—ã–µ –Ω–æ–≤—ã–µ –æ–∫–Ω–∞.**",,"https://pvhokna.ru/upload/iblock/38f/38fa0e9a5a4c5c17fe408e5f78b9498e.jpg,https://images.ru.prom.st/731130000_w640_h640_plastikovoe-okno-900-1200.jpg",,,–†–µ—Å–ø—É–±–ª–∏–∫–∞ –ë–∞—à–∫–æ—Ä—Ç–æ—Å—Ç–∞–Ω,,–ö—É–∂–±–∞—Ö—Ç—ã,,,,89279433394,,,,,Free,Package,–ù–µ—Ç,"–†–µ—Å–ø—É–±–ª–∏–∫–∞ –ë–∞—à–∫–æ—Ä—Ç–æ—Å—Ç–∞–Ω, , –ö—É–∂–±–∞—Ö—Ç—ã, , , "
T20210516-40,–†–µ–º–æ–Ω—Ç –∏ —Å—Ç—Ä–æ–∏—Ç–µ–ª—å—Å—Ç–≤–æ,–û–∫–Ω–∞ –∏ –±–∞–ª–∫–æ–Ω—ã,,–¢–æ–≤–∞—Ä –æ—Ç –ø—Ä–æ–∏–∑–≤–æ–¥–∏—Ç–µ–ª—è,–ù–æ–≤–æ–µ,–ü–ª–∞—Å—Ç–∏–∫–æ–≤—ã–µ –æ–∫–Ω–∞ –ø–≤—Ö —Å –¥–æ—Å—Ç–∞–≤–∫–æ–π,"–ü–ª–∞—Å—Ç–∏–∫–æ–≤—ã–µ –æ–∫–Ω–∞ –∏ –¥–≤–µ—Ä–∏ —Å –¥–æ—Å—Ç–∞–≤–∫–æ–π. **–ë–æ–ª–µ–µ 421 –≤–∏–¥–æ–≤ –ø–æ —Ä–∞–∑–º–µ—Ä—É**: –î–≤—É—Ö—Å—Ç–≤–æ—Ä—á–∞—Ç—ã–µ –∏ —Ç—Ä–µ—Ö—Å—Ç–≤–æ—Ä—á–∞—Ç–æ–µ –û–∫–Ω–∞ –ü–í–•. –ë–∞–ª–∫–æ–Ω–Ω—ã–π –±–ª–æ–∫–∏. –ü–æ–¥–æ–∫–æ–Ω–Ω–∏–∫–∏, –æ—Ç–∫–æ—Å—ã, –æ—Ç–ª–∏–≤—ã, –¥–µ—Ç—Å–∫–∏–µ –∑–∞–º–∫–∏

‚Äî‚Äî‚Äî‚Äî

üîπ **–ó–≤–æ–Ω–∏—Ç–µ –∏ —è –±–µ—Å–ø–ª–∞—Ç–Ω–æ —Ä–∞—Å—Å—á–∏—Ç–∞—é –≤–∞–º —Å—Ç–æ–∏–º–æ—Å—Ç—å –∏ —É–∂–µ —Å–µ–≥–æ–¥–Ω—è –ø—Ä–∏–µ–¥–µ–º –Ω–∞ –∑–∞–º–µ—Ä.**

‚Äî‚Äî‚Äî‚Äî

‚úÖ –ú–∞—Ç–µ—Ä–∏–∞–ª –Ω–∞–ø—Ä—è–º—É—é –æ—Ç –∑–∞–≤–æ–¥–∞ - –Ω–∏–∑–∫–∏–µ —Ü–µ–Ω—ã, –±–µ–∑ –ø–æ—Å—Ä–µ–¥–Ω–∏–∫–æ–≤.

‚úÖ –ë–æ–ª—å—à–æ–π –≤—ã–±–æ—Ä ( –ø–æ —Ç–∏–ø–∞–º —Ü–≤–µ—Ç–∞, —Ç–æ–ª—â–∏–Ω—ã –∏ —Ü–µ–Ω–æ–≤–æ–π –∫–∞—Ç–µ–≥–æ—Ä–∏–∏ ).

‚úÖ –ì–µ—Ä–º–µ—Ç–∏—á–Ω—ã–µ - –Ω–µ –±—É–¥—É—Ç –ø—Ä–æ–¥—É–≤–∞—Ç—å—Å—è.

‚úÖ –ú–∞–∫—Å–∏–º–∞–ª—å–Ω–æ —Ç–∏—Ö–∏–µ.

‚úÖ –≠–∫–æ–ª–æ–≥–∏—á–µ—Å–∫–∏ —á–∏—Å—Ç—ã–µ.

‚úÖ–ú–∞–∫—Å–∏–º–∞–ª—å–Ω–æ –±–µ–∑–æ–ø–∞—Å–Ω—ã–µ.

‚úÖ –î–≤–æ–π–Ω–æ–π –∫–æ–Ω—Ç—Ä–æ–ª—å –∫–∞—á–µ—Å—Ç–≤–∞.

‚úÖ –ù–µ —Ç—Ä–µ—Å–∫–∞—é—Ç—Å—è.

‚úÖ –ë–µ–∑ –ø–µ—Ä–µ–ø–ª–∞—Ç.

‚Äî‚Äî‚Äî‚Äî

üîπ **–ó–í–û–ù–ò–¢–ï —Å–µ–π—á–∞—Å –∏ –ø–æ–±–µ—Ä—É –Ω–∞–∏–±–æ–ª–µ–µ –ø–æ–¥—Ö–æ–¥—è—â–∏–µ –¥–ª—è –≤–∞—Å –∏ –≤–∞—à–µ–≥–æ –¥–æ–º–∞ –æ–∫–Ω–∞!**

‚≠ê **–î–æ–±–∞–≤—å—Ç–µ —ç—Ç–æ –æ–±—ä—è–≤–ª–µ–Ω–∏–µ –≤ –∏–∑–±—Ä–∞–Ω–Ω–æ–µ, —á—Ç–æ–±—ã –Ω–µ –ø–æ—Ç–µ—Ä—è—Ç—å**

‚Äî‚Äî‚Äî‚Äî

–ö –ø—Ä–∏–º–µ—Ä—É –≤ –Ω–∞–ª–∏—á–∏–µ —Ç—Ä–µ—Ö—Å—Ç–≤–æ—Ä—á–∞—Ç–æ–µ –ü–í–• –æ–∫–Ω–æ

–†–∞–∑–º–µ—Ä: 1700—Ö1400

5-–∫–∞–º–µ—Ä–Ω—ã–π –ø—Ä–æ—Ñ–∏–ª—å

–î–≤—É—Ö–∫–∞–º–µ—Ä–Ω—ã–π —Å—Ç–µ–∫–ª–æ–ø–∞–∫–µ—Ç (—Ç–æ–ª—â–∏–Ω–æ–π 40 –º–º.)

–§—É—Ä–Ω–∏—Ç—É—Ä–∞ ROTO NT

–ü–æ–¥–æ–∫–æ–Ω–Ω–∏–∫ - 150 –º–º

–í–æ–¥–æ–æ—Ç–ª–∏–≤ - 150 –º–º

‚Äî‚Äî‚Äî‚Äî
–ê—Ä—Ç–∏–∫—É–ª LFJE -00123 -0BJ

üîπ **–ó–≤–æ–Ω–∏—Ç–µ –∏ –ø–æ–ª—É—á–∏—Ç–µ –∫–∞—á–µ—Å—Ç–≤–µ–Ω–Ω—ã–µ –Ω–æ–≤—ã–µ –æ–∫–Ω–∞.**",,"https://gros.ua/wp-content/uploads/2019/05/WDS-windows.jpg,https://images.ru.prom.st/731132494_w640_h640_plastikovoe-okno-10-12.jpg",,,–†–µ—Å–ø—É–±–ª–∏–∫–∞ –ë–∞—à–∫–æ—Ä—Ç–æ—Å—Ç–∞–Ω,,–¢–µ–ª–µ–ø–∞–Ω–æ–≤–æ,,,,89279433394,,,,,Free,Package,–ù–µ—Ç,"–†–µ—Å–ø—É–±–ª–∏–∫–∞ –ë–∞—à–∫–æ—Ä—Ç–æ—Å—Ç–∞–Ω, , –¢–µ–ª–µ–ø–∞–Ω–æ–≤–æ, , , "
T20210516-42,–†–µ–º–æ–Ω—Ç –∏ —Å—Ç—Ä–æ–∏—Ç–µ–ª—å—Å—Ç–≤–æ,–û–∫–Ω–∞ –∏ –±–∞–ª–∫–æ–Ω—ã,,–¢–æ–≤–∞—Ä –æ—Ç –ø—Ä–æ–∏–∑–≤–æ–¥–∏—Ç–µ–ª—è,–ù–æ–≤–æ–µ,–ü–ª–∞—Å—Ç–∏–∫–æ–≤—ã–µ –æ–∫–Ω–∞ –ø–≤—Ö —Å –¥–æ—Å—Ç–∞–≤–∫–æ–π,"–ü–ª–∞—Å—Ç–∏–∫–æ–≤—ã–µ –æ–∫–Ω–∞ –∏ –¥–≤–µ—Ä–∏ —Å –¥–æ—Å—Ç–∞–≤–∫–æ–π. **–ë–æ–ª–µ–µ 421 –≤–∏–¥–æ–≤ –ø–æ —Ä–∞–∑–º–µ—Ä—É**: –î–≤—É—Ö—Å—Ç–≤–æ—Ä—á–∞—Ç—ã–µ –∏ —Ç—Ä–µ—Ö—Å—Ç–≤–æ—Ä—á–∞—Ç–æ–µ –û–∫–Ω–∞ –ü–í–•. –ë–∞–ª–∫–æ–Ω–Ω—ã–π –±–ª–æ–∫–∏. –ü–æ–¥–æ–∫–æ–Ω–Ω–∏–∫–∏, –æ—Ç–∫–æ—Å—ã, –æ—Ç–ª–∏–≤—ã, –¥–µ—Ç—Å–∫–∏–µ –∑–∞–º–∫–∏

‚Äî‚Äî‚Äî‚Äî

üîπ **–ó–≤–æ–Ω–∏—Ç–µ –∏ —è –±–µ—Å–ø–ª–∞—Ç–Ω–æ —Ä–∞—Å—Å—á–∏—Ç–∞—é –≤–∞–º —Å—Ç–æ–∏–º–æ—Å—Ç—å –∏ —É–∂–µ —Å–µ–≥–æ–¥–Ω—è –ø—Ä–∏–µ–¥–µ–º –Ω–∞ –∑–∞–º–µ—Ä.**

‚Äî‚Äî‚Äî‚Äî

‚úÖ –ú–∞—Ç–µ—Ä–∏–∞–ª –Ω–∞–ø—Ä—è–º—É—é –æ—Ç –∑–∞–≤–æ–¥–∞ - –Ω–∏–∑–∫–∏–µ —Ü–µ–Ω—ã, –±–µ–∑ –ø–æ—Å—Ä–µ–¥–Ω–∏–∫–æ–≤.

‚úÖ –ë–æ–ª—å—à–æ–π –≤—ã–±–æ—Ä ( –ø–æ —Ç–∏–ø–∞–º —Ü–≤–µ—Ç–∞, —Ç–æ–ª—â–∏–Ω—ã –∏ —Ü–µ–Ω–æ–≤–æ–π –∫–∞—Ç–µ–≥–æ—Ä–∏–∏ ).

‚úÖ –ì–µ—Ä–º–µ—Ç–∏—á–Ω—ã–µ - –Ω–µ –±—É–¥—É—Ç –ø—Ä–æ–¥—É–≤–∞—Ç—å—Å—è.

‚úÖ –ú–∞–∫—Å–∏–º–∞–ª—å–Ω–æ —Ç–∏—Ö–∏–µ.

‚úÖ –≠–∫–æ–ª–æ–≥–∏—á–µ—Å–∫–∏ —á–∏—Å—Ç—ã–µ.

‚úÖ–ú–∞–∫—Å–∏–º–∞–ª—å–Ω–æ –±–µ–∑–æ–ø–∞—Å–Ω—ã–µ.

‚úÖ –î–≤–æ–π–Ω–æ–π –∫–æ–Ω—Ç—Ä–æ–ª—å –∫–∞—á–µ—Å—Ç–≤–∞.

‚úÖ –ù–µ —Ç—Ä–µ—Å–∫–∞—é—Ç—Å—è.

‚úÖ –ë–µ–∑ –ø–µ—Ä–µ–ø–ª–∞—Ç.

‚Äî‚Äî‚Äî‚Äî

üîπ **–ó–í–û–ù–ò–¢–ï —Å–µ–π—á–∞—Å –∏ –ø–æ–±–µ—Ä—É –Ω–∞–∏–±–æ–ª–µ–µ –ø–æ–¥—Ö–æ–¥—è—â–∏–µ –¥–ª—è –≤–∞—Å –∏ –≤–∞—à–µ–≥–æ –¥–æ–º–∞ –æ–∫–Ω–∞!**

‚≠ê **–î–æ–±–∞–≤—å—Ç–µ —ç—Ç–æ –æ–±—ä—è–≤–ª–µ–Ω–∏–µ –≤ –∏–∑–±—Ä–∞–Ω–Ω–æ–µ, —á—Ç–æ–±—ã –Ω–µ –ø–æ—Ç–µ—Ä—è—Ç—å**

‚Äî‚Äî‚Äî‚Äî

–ö –ø—Ä–∏–º–µ—Ä—É –≤ –Ω–∞–ª–∏—á–∏–µ —Ç—Ä–µ—Ö—Å—Ç–≤–æ—Ä—á–∞—Ç–æ–µ –ü–í–• –æ–∫–Ω–æ

–†–∞–∑–º–µ—Ä: 1700—Ö1400

5-–∫–∞–º–µ—Ä–Ω—ã–π –ø—Ä–æ—Ñ–∏–ª—å

–î–≤—É—Ö–∫–∞–º–µ—Ä–Ω—ã–π —Å—Ç–µ–∫–ª–æ–ø–∞–∫–µ—Ç (—Ç–æ–ª—â–∏–Ω–æ–π 40 –º–º.)

–§—É—Ä–Ω–∏—Ç—É—Ä–∞ ROTO NT

–ü–æ–¥–æ–∫–æ–Ω–Ω–∏–∫ - 150 –º–º

–í–æ–¥–æ–æ—Ç–ª–∏–≤ - 150 –º–º

‚Äî‚Äî‚Äî‚Äî
–ê—Ä—Ç–∏–∫—É–ª HGO -481 -K

üîπ **–ó–≤–æ–Ω–∏—Ç–µ –∏ –ø–æ–ª—É—á–∏—Ç–µ –∫–∞—á–µ—Å—Ç–≤–µ–Ω–Ω—ã–µ –Ω–æ–≤—ã–µ –æ–∫–Ω–∞.**",,"https://byokna.ru/images/IMG_20180424_123236.jpg,https://cache3.youla.io/files/images/780_780/5d/b1/5db185a1f8efdc059c5ceb48.jpg",,,–†–µ—Å–ø—É–±–ª–∏–∫–∞ –ë–∞—à–∫–æ—Ä—Ç–æ—Å—Ç–∞–Ω,,–ù–∏–∂–Ω–µ—á–µ—Ä–∫—É–ª–µ–≤–æ,,,,89279433394,,,,,Free,Package,–ù–µ—Ç,"–†–µ—Å–ø—É–±–ª–∏–∫–∞ –ë–∞—à–∫–æ—Ä—Ç–æ—Å—Ç–∞–Ω, , –ù–∏–∂–Ω–µ—á–µ—Ä–∫—É–ª–µ–≤–æ, , , "
T20210516-43,–†–µ–º–æ–Ω—Ç –∏ —Å—Ç—Ä–æ–∏—Ç–µ–ª—å—Å—Ç–≤–æ,–û–∫–Ω–∞ –∏ –±–∞–ª–∫–æ–Ω—ã,,–¢–æ–≤–∞—Ä –æ—Ç –ø—Ä–æ–∏–∑–≤–æ–¥–∏—Ç–µ–ª—è,–ù–æ–≤–æ–µ,–ü–ª–∞—Å—Ç–∏–∫–æ–≤—ã–µ –æ–∫–Ω–∞ –ø–≤—Ö —Å –¥–æ—Å—Ç–∞–≤–∫–æ–π,"–ü–ª–∞—Å—Ç–∏–∫–æ–≤—ã–µ –æ–∫–Ω–∞ –∏ –¥–≤–µ—Ä–∏ —Å –¥–æ—Å—Ç–∞–≤–∫–æ–π. **–ë–æ–ª–µ–µ 421 –≤–∏–¥–æ–≤ –ø–æ —Ä–∞–∑–º–µ—Ä—É**: –î–≤—É—Ö—Å—Ç–≤–æ—Ä—á–∞—Ç—ã–µ –∏ —Ç—Ä–µ—Ö—Å—Ç–≤–æ—Ä—á–∞—Ç–æ–µ –û–∫–Ω–∞ –ü–í–•. –ë–∞–ª–∫–æ–Ω–Ω—ã–π –±–ª–æ–∫–∏. –ü–æ–¥–æ–∫–æ–Ω–Ω–∏–∫–∏, –æ—Ç–∫–æ—Å—ã, –æ—Ç–ª–∏–≤—ã, –¥–µ—Ç—Å–∫–∏–µ –∑–∞–º–∫–∏

‚Äî‚Äî‚Äî‚Äî

üîπ **–ó–≤–æ–Ω–∏—Ç–µ –∏ —è –±–µ—Å–ø–ª–∞—Ç–Ω–æ —Ä–∞—Å—Å—á–∏—Ç–∞—é –≤–∞–º —Å—Ç–æ–∏–º–æ—Å—Ç—å –∏ —É–∂–µ —Å–µ–≥–æ–¥–Ω—è –ø—Ä–∏–µ–¥–µ–º –Ω–∞ –∑–∞–º–µ—Ä.**

‚Äî‚Äî‚Äî‚Äî

‚úÖ –ú–∞—Ç–µ—Ä–∏–∞–ª –Ω–∞–ø—Ä—è–º—É—é –æ—Ç –∑–∞–≤–æ–¥–∞ - –Ω–∏–∑–∫–∏–µ —Ü–µ–Ω—ã, –±–µ–∑ –ø–æ—Å—Ä–µ–¥–Ω–∏–∫–æ–≤.

‚úÖ –ë–æ–ª—å—à–æ–π –≤—ã–±–æ—Ä ( –ø–æ —Ç–∏–ø–∞–º —Ü–≤–µ—Ç–∞, —Ç–æ–ª—â–∏–Ω—ã –∏ —Ü–µ–Ω–æ–≤–æ–π –∫–∞—Ç–µ–≥–æ—Ä–∏–∏ ).

‚úÖ –ì–µ—Ä–º–µ—Ç–∏—á–Ω—ã–µ - –Ω–µ –±—É–¥—É—Ç –ø—Ä–æ–¥—É–≤–∞—Ç—å—Å—è.

‚úÖ –ú–∞–∫—Å–∏–º–∞–ª—å–Ω–æ —Ç–∏—Ö–∏–µ.

‚úÖ –≠–∫–æ–ª–æ–≥–∏—á–µ—Å–∫–∏ —á–∏—Å—Ç—ã–µ.

‚úÖ–ú–∞–∫—Å–∏–º–∞–ª—å–Ω–æ –±–µ–∑–æ–ø–∞—Å–Ω—ã–µ.

‚úÖ –î–≤–æ–π–Ω–æ–π –∫–æ–Ω—Ç—Ä–æ–ª—å –∫–∞—á–µ—Å—Ç–≤–∞.

‚úÖ –ù–µ —Ç—Ä–µ—Å–∫–∞—é—Ç—Å—è.

‚úÖ –ë–µ–∑ –ø–µ—Ä–µ–ø–ª–∞—Ç.

‚Äî‚Äî‚Äî‚Äî

üîπ **–ó–í–û–ù–ò–¢–ï —Å–µ–π—á–∞—Å –∏ –ø–æ–±–µ—Ä—É –Ω–∞–∏–±–æ–ª–µ–µ –ø–æ–¥—Ö–æ–¥—è—â–∏–µ –¥–ª—è –≤–∞—Å –∏ –≤–∞—à–µ–≥–æ –¥–æ–º–∞ –æ–∫–Ω–∞!**

‚≠ê **–î–æ–±–∞–≤—å—Ç–µ —ç—Ç–æ –æ–±—ä—è–≤–ª–µ–Ω–∏–µ –≤ –∏–∑–±—Ä–∞–Ω–Ω–æ–µ, —á—Ç–æ–±—ã –Ω–µ –ø–æ—Ç–µ—Ä—è—Ç—å**

‚Äî‚Äî‚Äî‚Äî

–ö –ø—Ä–∏–º–µ—Ä—É –≤ –Ω–∞–ª–∏—á–∏–µ —Ç—Ä–µ—Ö—Å—Ç–≤–æ—Ä—á–∞—Ç–æ–µ –ü–í–• –æ–∫–Ω–æ

–†–∞–∑–º–µ—Ä: 1700—Ö1400

5-–∫–∞–º–µ—Ä–Ω—ã–π –ø—Ä–æ—Ñ–∏–ª—å

–î–≤—É—Ö–∫–∞–º–µ—Ä–Ω—ã–π —Å—Ç–µ–∫–ª–æ–ø–∞–∫–µ—Ç (—Ç–æ–ª—â–∏–Ω–æ–π 40 –º–º.)

–§—É—Ä–Ω–∏—Ç—É—Ä–∞ ROTO NT

–ü–æ–¥–æ–∫–æ–Ω–Ω–∏–∫ - 150 –º–º

–í–æ–¥–æ–æ—Ç–ª–∏–≤ - 150 –º–º

‚Äî‚Äî‚Äî‚Äî
–ê—Ä—Ç–∏–∫—É–ª OTHF -4532 -VD2

üîπ **–ó–≤–æ–Ω–∏—Ç–µ –∏ –ø–æ–ª—É—á–∏—Ç–µ –∫–∞—á–µ—Å—Ç–≤–µ–Ω–Ω—ã–µ –Ω–æ–≤—ã–µ –æ–∫–Ω–∞.**",,"https://taganrog.baza-okon.ru/sites/default/files/gallery/5331r_0.jpg,https://lyubimiigorod.ru/images/photos/5cc145aba5c0b.jpg",,,–†–µ—Å–ø—É–±–ª–∏–∫–∞ –ë–∞—à–∫–æ—Ä—Ç–æ—Å—Ç–∞–Ω,,–í–µ—Ä—Ö–Ω–µ—á–µ—Ä–∫—É–ª–µ–≤–æ,,,,89279433394,,,,,Free,Package,–ù–µ—Ç,"–†–µ—Å–ø—É–±–ª–∏–∫–∞ –ë–∞—à–∫–æ—Ä—Ç–æ—Å—Ç–∞–Ω, , –í–µ—Ä—Ö–Ω–µ—á–µ—Ä–∫—É–ª–µ–≤–æ, , , "
T20210516-44,–†–µ–º–æ–Ω—Ç –∏ —Å—Ç—Ä–æ–∏—Ç–µ–ª—å—Å—Ç–≤–æ,–û–∫–Ω–∞ –∏ –±–∞–ª–∫–æ–Ω—ã,,–¢–æ–≤–∞—Ä –æ—Ç –ø—Ä–æ–∏–∑–≤–æ–¥–∏—Ç–µ–ª—è,–ù–æ–≤–æ–µ,–ü–ª–∞—Å—Ç–∏–∫–æ–≤—ã–µ –æ–∫–Ω–∞ –ø–≤—Ö —Å –¥–æ—Å—Ç–∞–≤–∫–æ–π,"–ü–ª–∞—Å—Ç–∏–∫–æ–≤—ã–µ –æ–∫–Ω–∞ –∏ –¥–≤–µ—Ä–∏ —Å –¥–æ—Å—Ç–∞–≤–∫–æ–π. **–ë–æ–ª–µ–µ 421 –≤–∏–¥–æ–≤ –ø–æ —Ä–∞–∑–º–µ—Ä—É**: –î–≤—É—Ö—Å—Ç–≤–æ—Ä—á–∞—Ç—ã–µ –∏ —Ç—Ä–µ—Ö—Å—Ç–≤–æ—Ä—á–∞—Ç–æ–µ –û–∫–Ω–∞ –ü–í–•. –ë–∞–ª–∫–æ–Ω–Ω—ã–π –±–ª–æ–∫–∏. –ü–æ–¥–æ–∫–æ–Ω–Ω–∏–∫–∏, –æ—Ç–∫–æ—Å—ã, –æ—Ç–ª–∏–≤—ã, –¥–µ—Ç—Å–∫–∏–µ –∑–∞–º–∫–∏

‚Äî‚Äî‚Äî‚Äî

üîπ **–ó–≤–æ–Ω–∏—Ç–µ –∏ —è –±–µ—Å–ø–ª–∞—Ç–Ω–æ —Ä–∞—Å—Å—á–∏—Ç–∞—é –≤–∞–º —Å—Ç–æ–∏–º–æ—Å—Ç—å –∏ —É–∂–µ —Å–µ–≥–æ–¥–Ω—è –ø—Ä–∏–µ–¥–µ–º –Ω–∞ –∑–∞–º–µ—Ä.**

‚Äî‚Äî‚Äî‚Äî

‚úÖ –ú–∞—Ç–µ—Ä–∏–∞–ª –Ω–∞–ø—Ä—è–º—É—é –æ—Ç –∑–∞–≤–æ–¥–∞ - –Ω–∏–∑–∫–∏–µ —Ü–µ–Ω—ã, –±–µ–∑ –ø–æ—Å—Ä–µ–¥–Ω–∏–∫–æ–≤.

‚úÖ –ë–æ–ª—å—à–æ–π –≤—ã–±–æ—Ä ( –ø–æ —Ç–∏–ø–∞–º —Ü–≤–µ—Ç–∞, —Ç–æ–ª—â–∏–Ω—ã –∏ —Ü–µ–Ω–æ–≤–æ–π –∫–∞—Ç–µ–≥–æ—Ä–∏–∏ ).

‚úÖ –ì–µ—Ä–º–µ—Ç–∏—á–Ω—ã–µ - –Ω–µ –±—É–¥—É—Ç –ø—Ä–æ–¥—É–≤–∞—Ç—å—Å—è.

‚úÖ –ú–∞–∫—Å–∏–º–∞–ª—å–Ω–æ —Ç–∏—Ö–∏–µ.

‚úÖ –≠–∫–æ–ª–æ–≥–∏—á–µ—Å–∫–∏ —á–∏—Å—Ç—ã–µ.

‚úÖ–ú–∞–∫—Å–∏–º–∞–ª—å–Ω–æ –±–µ–∑–æ–ø–∞—Å–Ω—ã–µ.

‚úÖ –î–≤–æ–π–Ω–æ–π –∫–æ–Ω—Ç—Ä–æ–ª—å –∫–∞—á–µ—Å—Ç–≤–∞.

‚úÖ –ù–µ —Ç—Ä–µ—Å–∫–∞—é—Ç—Å—è.

‚úÖ –ë–µ–∑ –ø–µ—Ä–µ–ø–ª–∞—Ç.

‚Äî‚Äî‚Äî‚Äî

üîπ **–ó–í–û–ù–ò–¢–ï —Å–µ–π—á–∞—Å –∏ –ø–æ–±–µ—Ä—É –Ω–∞–∏–±–æ–ª–µ–µ –ø–æ–¥—Ö–æ–¥—è—â–∏–µ –¥–ª—è –≤–∞—Å –∏ –≤–∞—à–µ–≥–æ –¥–æ–º–∞ –æ–∫–Ω–∞!**

‚≠ê **–î–æ–±–∞–≤—å—Ç–µ —ç—Ç–æ –æ–±—ä—è–≤–ª–µ–Ω–∏–µ –≤ –∏–∑–±—Ä–∞–Ω–Ω–æ–µ, —á—Ç–æ–±—ã –Ω–µ –ø–æ—Ç–µ—Ä—è—Ç—å**

‚Äî‚Äî‚Äî‚Äî

–ö –ø—Ä–∏–º–µ—Ä—É –≤ –Ω–∞–ª–∏—á–∏–µ —Ç—Ä–µ—Ö—Å—Ç–≤–æ—Ä—á–∞—Ç–æ–µ –ü–í–• –æ–∫–Ω–æ

–†–∞–∑–º–µ—Ä: 1700—Ö1400

5-–∫–∞–º–µ—Ä–Ω—ã–π –ø—Ä–æ—Ñ–∏–ª—å

–î–≤—É—Ö–∫–∞–º–µ—Ä–Ω—ã–π —Å—Ç–µ–∫–ª–æ–ø–∞–∫–µ—Ç (—Ç–æ–ª—â–∏–Ω–æ–π 40 –º–º.)

–§—É—Ä–Ω–∏—Ç—É—Ä–∞ ROTO NT

–ü–æ–¥–æ–∫–æ–Ω–Ω–∏–∫ - 150 –º–º

–í–æ–¥–æ–æ—Ç–ª–∏–≤ - 150 –º–º

‚Äî‚Äî‚Äî‚Äî
–ê—Ä—Ç–∏–∫—É–ª LFJE -481 -0BJ

üîπ **–ó–≤–æ–Ω–∏—Ç–µ –∏ –ø–æ–ª—É—á–∏—Ç–µ –∫–∞—á–µ—Å—Ç–≤–µ–Ω–Ω—ã–µ –Ω–æ–≤—ã–µ –æ–∫–Ω–∞.**",,"https://cdn0.youla.io/files/images/orig/5f/74/5f74c25670a40303f54ae2d7-1.jpg,https://avatars.mds.yandex.net/get-altay/240733/2a0000015c2fb6d406453a9443e72c9be72f/XXL",,,–†–µ—Å–ø—É–±–ª–∏–∫–∞ –ë–∞—à–∫–æ—Ä—Ç–æ—Å—Ç–∞–Ω,,–ù–∏–∂–Ω–µ—è—Ä–∫–µ–µ–≤–æ,,,,89279433394,,,,,Free,Package,–ù–µ—Ç,"–†–µ—Å–ø—É–±–ª–∏–∫–∞ –ë–∞—à–∫–æ—Ä—Ç–æ—Å—Ç–∞–Ω, , –ù–∏–∂–Ω–µ—è—Ä–∫–µ–µ–≤–æ, , , "
T20210516-46,–†–µ–º–æ–Ω—Ç –∏ —Å—Ç—Ä–æ–∏—Ç–µ–ª—å—Å—Ç–≤–æ,–û–∫–Ω–∞ –∏ –±–∞–ª–∫–æ–Ω—ã,,–¢–æ–≤–∞—Ä –æ—Ç –ø—Ä–æ–∏–∑–≤–æ–¥–∏—Ç–µ–ª—è,–ù–æ–≤–æ–µ,–ü–ª–∞—Å—Ç–∏–∫–æ–≤—ã–µ –æ–∫–Ω–∞ –ø–≤—Ö —Å –¥–æ—Å—Ç–∞–≤–∫–æ–π,"–ü–ª–∞—Å—Ç–∏–∫–æ–≤—ã–µ –æ–∫–Ω–∞ –∏ –¥–≤–µ—Ä–∏ —Å –¥–æ—Å—Ç–∞–≤–∫–æ–π. **–ë–æ–ª–µ–µ 421 –≤–∏–¥–æ–≤ –ø–æ —Ä–∞–∑–º–µ—Ä—É**: –î–≤—É—Ö—Å—Ç–≤–æ—Ä—á–∞—Ç—ã–µ –∏ —Ç—Ä–µ—Ö—Å—Ç–≤–æ—Ä—á–∞—Ç–æ–µ –û–∫–Ω–∞ –ü–í–•. –ë–∞–ª–∫–æ–Ω–Ω—ã–π –±–ª–æ–∫–∏. –ü–æ–¥–æ–∫–æ–Ω–Ω–∏–∫–∏, –æ—Ç–∫–æ—Å—ã, –æ—Ç–ª–∏–≤—ã, –¥–µ—Ç—Å–∫–∏–µ –∑–∞–º–∫–∏

‚Äî‚Äî‚Äî‚Äî

üîπ **–ó–≤–æ–Ω–∏—Ç–µ –∏ —è –±–µ—Å–ø–ª–∞—Ç–Ω–æ —Ä–∞—Å—Å—á–∏—Ç–∞—é –≤–∞–º —Å—Ç–æ–∏–º–æ—Å—Ç—å –∏ —É–∂–µ —Å–µ–≥–æ–¥–Ω—è –ø—Ä–∏–µ–¥–µ–º –Ω–∞ –∑–∞–º–µ—Ä.**

‚Äî‚Äî‚Äî‚Äî

‚úÖ –ú–∞—Ç–µ—Ä–∏–∞–ª –Ω–∞–ø—Ä—è–º—É—é –æ—Ç –∑–∞–≤–æ–¥–∞ - –Ω–∏–∑–∫–∏–µ —Ü–µ–Ω—ã, –±–µ–∑ –ø–æ—Å—Ä–µ–¥–Ω–∏–∫–æ–≤.

‚úÖ –ë–æ–ª—å—à–æ–π –≤—ã–±–æ—Ä ( –ø–æ —Ç–∏–ø–∞–º —Ü–≤–µ—Ç–∞, —Ç–æ–ª—â–∏–Ω—ã –∏ —Ü–µ–Ω–æ–≤–æ–π –∫–∞—Ç–µ–≥–æ—Ä–∏–∏ ).

‚úÖ –ì–µ—Ä–º–µ—Ç–∏—á–Ω—ã–µ - –Ω–µ –±—É–¥—É—Ç –ø—Ä–æ–¥—É–≤–∞—Ç—å—Å—è.

‚úÖ –ú–∞–∫—Å–∏–º–∞–ª—å–Ω–æ —Ç–∏—Ö–∏–µ.

‚úÖ –≠–∫–æ–ª–æ–≥–∏—á–µ—Å–∫–∏ —á–∏—Å—Ç—ã–µ.

‚úÖ–ú–∞–∫—Å–∏–º–∞–ª—å–Ω–æ –±–µ–∑–æ–ø–∞—Å–Ω—ã–µ.

‚úÖ –î–≤–æ–π–Ω–æ–π –∫–æ–Ω—Ç—Ä–æ–ª—å –∫–∞—á–µ—Å—Ç–≤–∞.

‚úÖ –ù–µ —Ç—Ä–µ—Å–∫–∞—é—Ç—Å—è.

‚úÖ –ë–µ–∑ –ø–µ—Ä–µ–ø–ª–∞—Ç.

‚Äî‚Äî‚Äî‚Äî

üîπ **–ó–í–û–ù–ò–¢–ï —Å–µ–π—á–∞—Å –∏ –ø–æ–±–µ—Ä—É –Ω–∞–∏–±–æ–ª–µ–µ –ø–æ–¥—Ö–æ–¥—è—â–∏–µ –¥–ª—è –≤–∞—Å –∏ –≤–∞—à–µ–≥–æ –¥–æ–º–∞ –æ–∫–Ω–∞!**

‚≠ê **–î–æ–±–∞–≤—å—Ç–µ —ç—Ç–æ –æ–±—ä—è–≤–ª–µ–Ω–∏–µ –≤ –∏–∑–±—Ä–∞–Ω–Ω–æ–µ, —á—Ç–æ–±—ã –Ω–µ –ø–æ—Ç–µ—Ä—è—Ç—å**

‚Äî‚Äî‚Äî‚Äî

–ö –ø—Ä–∏–º–µ—Ä—É –≤ –Ω–∞–ª–∏—á–∏–µ —Ç—Ä–µ—Ö—Å—Ç–≤–æ—Ä—á–∞—Ç–æ–µ –ü–í–• –æ–∫–Ω–æ

–†–∞–∑–º–µ—Ä: 1700—Ö1400

5-–∫–∞–º–µ—Ä–Ω—ã–π –ø—Ä–æ—Ñ–∏–ª—å

–î–≤—É—Ö–∫–∞–º–µ—Ä–Ω—ã–π —Å—Ç–µ–∫–ª–æ–ø–∞–∫–µ—Ç (—Ç–æ–ª—â–∏–Ω–æ–π 40 –º–º.)

–§—É—Ä–Ω–∏—Ç—É—Ä–∞ ROTO NT

–ü–æ–¥–æ–∫–æ–Ω–Ω–∏–∫ - 150 –º–º

–í–æ–¥–æ–æ—Ç–ª–∏–≤ - 150 –º–º

‚Äî‚Äî‚Äî‚Äî
–ê—Ä—Ç–∏–∫—É–ª KEO-R -0384 -K

üîπ **–ó–≤–æ–Ω–∏—Ç–µ –∏ –ø–æ–ª—É—á–∏—Ç–µ –∫–∞—á–µ—Å—Ç–≤–µ–Ω–Ω—ã–µ –Ω–æ–≤—ã–µ –æ–∫–Ω–∞.**",,"https://st3.stblizko.ru/images/product/276/550/870_original.jpg,https://www.piter-prof.ru/wp-content/uploads/2019/04/IMG_3814-1024x768.jpg",,,–†–µ—Å–ø—É–±–ª–∏–∫–∞ –ë–∞—à–∫–æ—Ä—Ç–æ—Å—Ç–∞–Ω,,–ú–∞–ª–æ—Ç–∞–∑–µ–µ–≤–æ,,,,89279433394,,,,,Free,Package,–ù–µ—Ç,"–†–µ—Å–ø—É–±–ª–∏–∫–∞ –ë–∞—à–∫–æ—Ä—Ç–æ—Å—Ç–∞–Ω, , –ú–∞–ª–æ—Ç–∞–∑–µ–µ–≤–æ, , , "
,,,,,,,,,,,,,,,,,,,,,,,,,,", , , , , "